project_id,name,borough,address,block_lot,project_class
19CVCP027K,651 - 671 Gates Avenue,Brooklyn,651 - 671 GATES AVENUE,Block: 1811Lot:19 ...,Completed (C)
20CVCP034K,63-71 Bridge Street,Brooklyn,63-71 BRIDGE STREET,Block: 42Lot:1 ...,Hold (H)
19CVCP020K,1458-1460 FLATBUSH AVENUE,Brooklyn,1458-1460 FLATBUSH AVENUE,Block: 5249Lot:58 ...,Completed (C)
19CVCP068K,842-846 FLUSHING AVENUE,Brooklyn,842-848 FLUSHING AVENUE,Block: 3138Lot:20 ...,Completed (C)
19CVCP033K,2618 Fulton Street,Brooklyn,2618 FULTON STREET,Block: 3669Lot:13 ...,Completed (C)
19CVCP022K,161 HARRISON AVENUE,Brooklyn,161 HARRISON AVENUE,Block: 2250Lot:4,Active (A)
19CVCP021K,174 KINGS HIGHWAY,Brooklyn,166 KINGS HIGHWAY,Block: 6619Lot:42,Active (A)
19CVCP060K,975 MANHATTAN AVENUE,Brooklyn,975 MANHATTAN AVENUE,Block: 2532Lot:46,Completed (C)
19CVCP001K,777 GLENMORE AVENUE,Brooklyn,777 GLENMORE AVENUE,Block: 3988Lot:35,Completed (C)
19CVCP002K,142-150 South Portland Avenue,Brooklyn,142-150 SOUTH PORTLAND AVE,Block: 2003Lot:37,Active (A)
19CVCP006K,288-292 UNION AVENUE,Brooklyn,288-292 UNION AVENUE,Block: 3022Lot:3 ...,Completed (C)
18CVCP072K,40-48 COMMERCIAL STREET,Brooklyn,40-48 COMMERCIAL STREET,Block: 2482Lot:1 ...,Active (A)
19CVCP007K,233 Nevins Street,Brooklyn,236 BUTLER STREET,Block: 412Lot:6 ...,Completed (C)
18CVCP051K,98 3RD AVENUE,Brooklyn,98 3RD AVENUE,Block: 388Lot:31,Hold (H)
19CVCP079K,113 Hamilton Avenue,Brooklyn,113 HAMILTON AVENUE,Block: 362Lot:1,Completed (C)
18CVCP048K,632 METROPOLITAN AVENUE,Brooklyn,632 METROPOLITAN AVENUE,Block: 2762Lot:17,Active (A)
18CVCP063K,67 DUFFIELD STREET,Brooklyn,67 DUFFIELD STREET,Block: 121Lot:3,Completed (C)
18CVCP040K,1026-1030 MANHATTAN AVENUE,Brooklyn,1026-1030 MANHATTAN AVENUE,Block: 2513Lot:3 ...,Active (A)
18CVCP050K,522 GRAND STREET,Brooklyn,522 GRAND STREET,Block: 2785Lot:12,Completed (C)
18CVCP018K,2415 CHURCH AVE,Brooklyn,2415 CHURCH AVE,Block: 5090Lot:86 ...,Completed (C)
18CVCP030K,72 South Second Street,Brooklyn,72 SOUTH SECOND STREET,Block: 2416Lot:7,Active (A)
19CVCP026K,705 Franklin Avenue,Brooklyn,705 FRANKLIN AVENUE,Block: 1231Lot:1,Active (A)
18CVCP034K,2570 FLATBUSH AVENUE,Brooklyn,2570 FLATBUSH AVENUE,Block: 8590Lot:31 ...,Completed (C)
18CVCP043K,157 New Jersey Avenue,Brooklyn,157 NEW JERSEY AVENUE,Block: 3671Lot:43 ...,Active (A)
18CVCP084K,315 Linwood Street,Brooklyn,315 LINWOOD,Block: 3971Lot:19 ...,Completed (C)
19CVCP011K,153 GREEN STREET,Brooklyn,153 GREEN STREET,Block: 2512Lot:52,Completed (C)
18CVCP038K,658 DRIGGS AVENUE,Brooklyn,658 DRIGGS AVENUE,Block: 2366Lot:21,Completed (C)
18CVCP032K,625 Driggs Avenue,Brooklyn,625 DRIGGS AVENUE,Block: 2353Lot:6 ...,Completed (C)
18CVCP002K,1190 Fulton Street,Brooklyn,1190 FULTON STREET,Block: 1860Lot:6 ...,Completed (C)
18CVCP014K,1048 MANHATTAN AVENUE,Brooklyn,1048 MANHATTAN AVENUE,Block: 2505Lot:2,Completed (C)
18CVCP016K,2437 PITKIN AVENUE,Brooklyn,2437 PITKIN AVENUE,Block: 4003Lot:35,Completed (C)
18CVCP009K,820 GLENMORE AVENUE,Brooklyn,820 GLENMORE AVENUE,Block: 4006Lot:13 ...,Completed (C)
18CVCP023K,81 MCGUINNESS BLVD,Brooklyn,81 MCGUINNESS BLVD,Block: 2649Lot:21,Completed (C)
17CVCP072K,1096 BROADWAY,Brooklyn,1096 BROADWAY,Block: 1600Lot:15,Completed (C)
17CVCP066K,183 MCGUINNESS BOULEVARD,Brooklyn,183 MCGUINNESS BOULEVARD,Block: 2599Lot:19 ...,Completed (C)
17CVCP062K,402 SNEDIKER AVENUE,Brooklyn,402 SNEDIKER AVENUE,Block: 3799Lot:26,Completed (C)
17CVCP060K,633 MARCY AVENUE,Brooklyn,633 MARCY AVENUE,Block: 1771Lot:5 ...,Completed (C)
17CVCP049K,922 MYRTLE AVENUE,Brooklyn,922 MYRTLE AVENUE,Block: 1756Lot:24 ...,Completed (C)
21CVCP031K,335 Ralph Avenue,Brooklyn,335 RALPH AVENUE,Block: 1556Lot:3,Active (A)
16CVCP085K,710 Grand Street,Brooklyn,710 Grand Street,Block: 2788Lot:19,Completed (C)
16CVCP043K,1516 Fulton Street,Brooklyn,1516 Fulton Street,Block: 1864Lot:12,Completed (C)
16CVCP066K,925 Atlantic Avenue,Brooklyn,925 Atlantic Avenue,Block: 2018Lot:57,Active (A)
16CVCP015K,1989 Coney Island Avenue,Brooklyn,1989 Coney Island Avenue,Block: 6774Lot:57 ...,Completed (C)
17CVCP055K,578 5th Avenue,Brooklyn,578 5th Avenue,Block: 1052Lot:46 ...,Completed (C)
17CVCP031K,540 Fulton Street,Brooklyn,540 Fulton Street,Block: 161Lot:18,Completed (C)
16CVCP072K,141 Metropolitan Avenue,Brooklyn,141 Metropolitan Avenue,Block: 2358Lot:24,Completed (C)
16CVCP076K,814-822 Bedford Ave,Brooklyn,814 Bedford Avenue,Block: 1900Lot:31 ...,Completed (C)
17CVCP018K,74-76 Ainslie Street,Brooklyn,74 Ainslie Street,Block: 2375Lot:10,Completed (C)
16CVCP064K,383 Manhattan Avenue,Brooklyn,383 Manhattan Avenue,Block: 2738Lot:24,Completed (C)
17CVCP027K,241 - 245 4TH AVENUE,Brooklyn,245 4TH AVENUE,Block: 958Lot:4 ...,Completed (C)
16CVCP070K,1353 Flatbush Avenue,Brooklyn,1353 Flatbush Avenue,Block: 5227Lot:13 ...,Completed (C)
16CVCP052K,805-825 Surf Avenue,Brooklyn,805 Surf Avenue,Block: 7268Lot:213 ...,Completed (C)
16CVCP048K,526 Union Avenue,Brooklyn,526 Union Avenue,Block: 2741Lot:3,Completed (C)
16CVCP020K,144 - 146 West Street,Brooklyn,146 West Street,Block: 2531Lot:1 ...,Completed (C)
18CVCP049K,1050-1066 Manhattan Avenue,Brooklyn,1050 Manhattan Avenue,Block: 2505Lot:3 ...,Completed (C)
17CVCP054K,609-619 4th Avenue,Brooklyn,609 4th Avenue,Block: 631Lot:6 ...,Completed (C)
16CVCP041K,415-419 Marcy Avenue,Brooklyn,419 Marcy Avenue,Block: 2245Lot:1 ...,Active (A)
16CVCP030K,470 Manhattan Avenue,Brooklyn,470 Manhattan Avenue,Block: 2714Lot:30 ...,Completed (C)
18CVCP037K,82 John Street,Brooklyn,78 John Street,Block: 20Lot:21,Completed (C)
16CVCP082K,461-463 Tompkins Avenue,Brooklyn,461 Tompkins Avenue,Block: 1852Lot:8 ...,Active (A)
16CVCP079K,179 Throop Avenue,Brooklyn,179 Throop Avenue,Block: 1723Lot:1 ...,Completed (C)
16CVCP016K,96-98 Degraw Street,Brooklyn,98 Degraw Street,Block: 329Lot:23 ...,Completed (C)
20CVCP060K,205 Park Avenue,Brooklyn,195 Park Avenue,Block: 2033Lot:50,Active (A)
15CVCP147K,308 North 7th Street,Brooklyn,308 NORTH 7TH STREET,Block: 2331Lot:15 ...,Completed (C)
15CVCP117K,86-90 Walton Street - DOB Job # 321064389,Brooklyn,90 Walton Street,Block: 2250Lot:10 ...,Completed (C)
15CVCP100K,209-227 McGuinness Boulevard,Brooklyn,209 McGuinness Blvd,Block: 2576Lot:20 ...,Completed (C)
17CVCP009K,911-917 Atlantic Avenue,Brooklyn,911 Atlantic Avenue,Block: 2018Lot:62 ...,Completed (C)
15CVCP142K,1520 Fulton Street,Brooklyn,1520 Fulton Street,Block: 1864Lot:14 ...,Completed (C)
16CVCP006K,125 Third Avenue,Brooklyn,125 3rd Avenue,Block: 395Lot:3,Completed (C)
15CVCP126K,977 Manhattan Avenue,Brooklyn,977 Manhattan Avenue,Block: 2532Lot:45,Completed (C)
15CVCP119K,400 Union Avenue,Brooklyn,400 Union Avenue,Block: 2773Lot:8,Completed (C)
16CVCP009K,402 Union Avenue,Brooklyn,402 Union Avenue,Block: 2767Lot:1,Active (A)
17CVCP033K,Greenpoint Landing F1,Brooklyn,41 Blue Slip,Block: 2472Lot:45 ...,Completed (C)
16CVCP065K,Greenpoint Landing G1,Brooklyn,1 BLUE SLIP,Block: 2472Lot:80 ...,Completed (C)
15CVCP019K,2501 Pitkin Avenue,Brooklyn,2501 Pitkin Avenue,Block: 4005Lot:28 ...,Completed (C)
15CVCP090K,100 Steuben Street,Brooklyn,102 Steuben Street,Block: 1893Lot:47 ...,Completed (C)
15CVCP165K,1068-1072 Fulton Street - DOB Job No. NB-320597243,Brooklyn,1068 Fulton Street,Block: 2016Lot:12 ...,Completed (C)
15CVCP055K,929 Atlantic Avenue,Brooklyn,929 Atlantic Avenue,Block: 2018Lot:54,Active (A)
15CVCP168K,148 West Street,Brooklyn,148 West Street,Block: 2531Lot:3,Completed (C)
16CVCP081K,2702 West 15th Street,Brooklyn,2702 West 15th Street,Block: 6996Lot:53 ...,Completed (C)
16CVCP044K,71 & 76 N 7th Street,Brooklyn,71 North 7th Street,Block: 2317Lot:18 ...,Completed (C)
16CVCP037K,337 Berry Street,Brooklyn,337 Berry Street,Block: 2443Lot:37 ...,Completed (C)
15CVCP140K,20 Marcy Avenue,Brooklyn,20 Marcy Avenue,Block: 2369Lot:27 ...,Completed (C)
15CVCP166K,432-438 Keap St.,Brooklyn,432 Keap Street,Block: 2375Lot:1 ...,Completed (C)
15CVCP125K,1326 Ocean Avenue,Brooklyn,1326 Ocean Avenue,Block: 6703Lot:55,Completed (C)
15CVCP163K,80-82 Ainslie St.,Brooklyn,80 Ainslie Street,Block: 2375Lot:12,Completed (C)
15CVCP115K,5111 4th Avenue,Brooklyn,5111 4th Avenue,Block: 799Lot:6,Completed (C)
15CVCP134K,1127 Flatbush Avenue,Brooklyn,1127 Flatbush Avenue,Block: 5165Lot:53 ...,Completed (C)
15CVCP101K,202 North 10th Street,Brooklyn,202 North 10th Street,Block: 2306Lot:9 ...,Completed (C)
16CVCP058K,430-434 Van Brunt Street,Brooklyn,434 Van Brunt Street,Block: 603Lot:23 ...,Completed (C)
15CVCP081K,108 Frost Street,Brooklyn,108 Frost Street,Block: 2738Lot:15,Completed (C)
15CVCP061K,9029 Flatlands Avenue,Brooklyn,9029 Flatlands Avenue,Block: 8179Lot:1,Completed (C)
15CVCP094K,77 Clay Street - DOB Job No. NB - 320626998,Brooklyn,77 Clay Street,Block: 2483Lot:62,Completed (C)
15CVCP071K,53 Grand Street - DOB Job No. NB-320914631,Brooklyn,53 Grand Street,Block: 2378Lot:35,Completed (C)
15CVCP044K,26 West Street,Brooklyn,26 West Street,Block: 2571Lot:1,Completed (C)
15CVCP158K,88 Withers St.,Brooklyn,88 Withers Street,Block: 2742Lot:17,Completed (C)
15CVCP054K,172-174 North 11th Street,Brooklyn,174 North 11th Street,Block: 2298Lot:13,Completed (C)
15CVCP028K,59-63 North 6th Street,Brooklyn,61 North 6th Street,Block: 2325Lot:28 ...,Completed (C)
16CVCP047K,901 Myrtle Ave,Brooklyn,901 Myrtle Avenue,Block: 1747Lot:34,Completed (C)
15CVCP129K,47 Walton Street,Brooklyn,47 WALTON STREET,Block: 2245Lot:60 ...,Completed (C)
18CVCP001K,1104-1106 Bedford Avenue,Brooklyn,1104 Bedford Avenue,Block: 1971Lot:28 ...,Completed (C)
15CVCP113K,771-781 Metropolitan Ave,Brooklyn,781 Metropolitan Avenue,Block: 2760Lot:28 ...,Completed (C)
15CVCP132K,948 Myrtle Avenue,Brooklyn,948 Myrtle Avenue,Block: 1756Lot:33 ...,Completed (C)
15CVCP145K,260 Lee Avenue,Brooklyn,260 Lee Avenue,Block: 2263Lot:46,Active (A)
15CVCP084K,902-908 Flushing Avenue/115 Stanwix Street (RheingoldBlock 3139),Brooklyn,115 Stanwix Street,Block: 3139Lot:21,Completed (C)
15CVCP088K,843 Lexington Avenue,Brooklyn,843 Lexington Avenue,Block: 1623Lot:73,Completed (C)
15CVCP073K,89-141 Melrose Street (Rheingold Block 3152 South),Brooklyn,123 MELROSE STREET,Block: 3152Lot:2 ...,Completed (C)
15CVCP072K,36-70 Noll Street (Rheingold Block 3152 North),Brooklyn,54 NOLL STREET,Block: 3152Lot:1 ...,Completed (C)
15CVCP029K,802-806 Myrtle Avenue,Brooklyn,806 Myrtle Avenue,Block: 1754Lot:33 ...,Completed (C)
15CVCP036K,667 Myrtle Avenue,Brooklyn,667 Myrtle Avenue,Block: 1900Lot:70 ...,Completed (C)
15CVCP068K,313 Wallabout Street,Brooklyn,313 Wallabout Street,Block: 2250Lot:36 ...,Completed (C)
17CVCP030K,575-581 4th Avenue,Brooklyn,581 4th Avenue,Block: 1052Lot:1 ...,Completed (C)
15CVCP152K,417 Manhattan Avenue,Brooklyn,417 Manhattan Avenue,Block: 2723Lot:29,Completed (C)
16CVCP008K,299-301 Wallabout Street,Brooklyn,299 WALLABOUT STREET,Block: 2250Lot:41 ...,Completed (C)
15CVCP031K,153 Lorimer Street,Brooklyn,153 Lorimer Street,Block: 2242Lot:53,Completed (C)
15CVCP085K,196 Middleton Street,Brooklyn,196 Middleton Street,Block: 2242Lot:22,Completed (C)
15CVCP148K,Henry Apartments - Site A - 1676 Broadway,Brooklyn,1676 Broadway,Block: 1503Lot:29 ...,Completed (C)
15CVCP120K,Henry Apartments Site B - 8 Rockaway Avenue,Brooklyn,8 Rockaway Avenue,Block: 1507Lot:32 ...,Completed (C)
15CVCP118K,81-111 Junius Street,Brooklyn,81 Junius Street,Block: 3696Lot:1 ...,Completed (C)
15CVCP161K,1570 60th Street,Brooklyn,1570 60th Street,Block: 5516Lot:34 ...,Active (A)
14CVCP242K,608-620 Franklin Avenue (Franklin Avenue Lofts - Dean Street Side),Brooklyn,608 Franklin Avenue,Block: 1142Lot:48 ...,Completed (C)
15CVCP017K,6002 Fort Hamilton Parkway,Brooklyn,6002 Fort Hamilton Parkway,Block: 5715Lot:7501 ...,Completed (C)
15CVCP157K,583 Franklin Avenue,Brooklyn,583 FRANKLIN AVENUE,Block: 1199Lot:3,Completed (C)
14CVCP221K,225-227 Boerum Street aka 83 Bushwick Place,Brooklyn,83 Bushwick Place,Block: 3073Lot:97,Completed (C)
15CVCP050K,83 Grand Street,Brooklyn,83 Grand Street,Block: 2379Lot:44,Completed (C)
15CVCP014K,86 Fleet Place,Brooklyn,86 Fleet Place,Block: 2061Lot:50 ...,Completed (C)
15CVCP151K,840 Fulton Street,Brooklyn,840 Fulton Street,Block: 2010Lot:25,Completed (C)
13CVCP149K,1875 Atlantic Avenue,Brooklyn,1875 Atlantic Avenue,Block: 1713Lot:7,Completed (C)
14CVCP236K,170-174 West Street,Brooklyn,174 West Street,Block: 2521Lot:5 ...,Completed (C)
14CVCP216K,1007 Atlantic Avenue,Brooklyn,1007 Atlantic Avenue,Block: 2019Lot:55,Completed (C)
14CVCP210K,113 Flatbush Avenue,Brooklyn,113 Flatbush Avenue,Block: 2110Lot:3 ...,Completed (C)
14CVCP217K,670-678 Pacific Street - DOB Job No. NB- 320900566,Brooklyn,607 Pacific Street,Block: 1128Lot:9 ...,Completed (C)
14CVCP227K,882 Fulton Street (502-506 Waverly),Brooklyn,882 Fulton Street,Block: 2011Lot:30,Completed (C)
14CVCP215K,180 Myrtle Avenue,Brooklyn,180 Myrtle Avenue,Block: 2061Lot:1 ...,Completed (C)
14CVCP177K,72 Box Street,Brooklyn,72 Box Street,Block: 2483Lot:25,Completed (C)
14CVCP205K,596 Washington Avenue,Brooklyn,596 Washington Avenue,Block: 2012Lot:62 ...,Completed (C)
15CVCP039K,120 Kings Highway,Brooklyn,120 Kings Highway,Block: 6253Lot:28 ...,Completed (C)
15CVCP013K,96 North 1st Street,Brooklyn,96 North 1st Street,Block: 2379Lot:13,Active (A)
14CVCP256K,4907-4709 4th Avenue,Brooklyn,4907 4th Avenue,Block: 783Lot:6,Completed (C)
15CVCP139K,69 Hope Street,Brooklyn,69 Hope Street,Block: 2369Lot:37,Active (A)
14CVCP228K,635 4th Avenue,Brooklyn,635 4th Avenue,Block: 634Lot:1,Completed (C)
16CVCP007K,56 Frost Street,Brooklyn,56 Frost Street,Block: 2737Lot:10,Completed (C)
15CVCP024K,171-173 Bayard Street,Brooklyn,173 Bayard Street,Block: 2720Lot:43 ...,Completed (C)
15CVCP108K,4202 18th Avenue,Brooklyn,4202 18th Avenue,Block: 5409Lot:30,Completed (C)
14CVCP231K,235-237 Kent Avenue,Brooklyn,235 Kent Avenue,Block: 2378Lot:1 ...,Completed (C)
14CVCP237K,51-59 South 4th Street,Brooklyn,51 South 4th Street,Block: 2428Lot:28 ...,Completed (C)
15CVCP083K,406 - 408 Manhattan Avenue,Brooklyn,408 Manhattan Avenue,Block: 2734Lot:4 ...,Completed (C)
14CVCP218K,434 Manhattan Ave,Brooklyn,434 Manhattan Avenue,Block: 2724Lot:7,Completed (C)
14CVCP174K,79 Clay Street,Brooklyn,79 Clay Street,Block: 2483Lot:61 ...,Completed (C)
15CVCP008K,207 North 8th Street,Brooklyn,207 North 8th Street,Block: 2313Lot:27,Active (A)
14CVCP240K,275 4th Avenue,Brooklyn,275 4th Avenue,Block: 964Lot:1 ...,Completed (C)
14CVCP188K,56 Box Street - DOB Job No. 320842237,Brooklyn,56 Box Street,Block: 2483Lot:17,Completed (C)
15CVCP003K,Domino Sugar Site B,Brooklyn,280 Kent Avenue,Block: 2414Lot:1,Active (A)
14CVCP260K,818 Lexington Avenue,Brooklyn,818 Lexington Avenue,Block: 1628Lot:21,Completed (C)
15CVCP012K,45 Walton Street,Brooklyn,45 Walton Street,Block: 2245Lot:62,Active (A)
15CVCP102K,1060 Bedford Avenue,Brooklyn,1060 Bedford Avenue,Block: 1954Lot:22 ...,Completed (C)
15CVCP048K,535 Flushing Ave.,Brooklyn,535 Flushing Avenue,Block: 2263Lot:52,Completed (C)
15CVCP002K,Domino Sugar Site A,Brooklyn,254 Kent Avenue,Block: 2414Lot:1 ...,Active (A)
14CVCP193K,BASIS Independent School - 556 Columbia Street,Brooklyn,556 Columbia Street,Block: 601Lot:17,Completed (C)
14CVCP225K,1-37 Forrest Street,Brooklyn,37 Forrest Street,Block: 3141Lot:1 ...,Completed (C)
14CVCP181K,200 Water Street,Brooklyn,200 Water Street,Block: 41Lot:13 ...,Completed (C)
18CVCP024K,687 Flushing Ave,Brooklyn,687 Flushing Avenue,Block: 2274Lot:24 ...,Active (A)
14CVCP190K,213 Maujer Street and 774-780 Grand Street,Brooklyn,213 Maujer Street,Block: 2790Lot:5 ...,Completed (C)
14CVCP180K,177 Front Street,Brooklyn,177 Front Street,Block: 41Lot:42 ...,Completed (C)
15CVCP058K,120 Union Avenue,Brooklyn,120 Union Avenue,Block: 2238Lot:49,Completed (C)
14CVCP212K,116 Walton Street,Brooklyn,116 Walton Street,Block: 2250Lot:25,Completed (C)
14CVCP184K,151 Lorimer Street - DOB Job No. 320965354,Brooklyn,151 Lorimer Street,Block: 2242Lot:54 ...,Completed (C)
14CVCP244K,Bush Terminal,Brooklyn,5102 1ST AVENUE,Block: 725Lot:1,Active (A)
16CVCP014K,1146 Fulton Street,Brooklyn,1146 Fulton Street,Block: 2017Lot:8,Completed (C)
14CVCP192K,"1328 Fulton Street ""Fulton South""",Brooklyn,1328 Fulton Street,Block: 1861Lot:119,Completed (C)
14CVCP157K,1035 Fulton Street,Brooklyn,1035 Fulton Street,Block: 1992Lot:12 ...,Completed (C)
13CVCP098K,45 India Street,Brooklyn,45 India Street,Block: 2531Lot:35,Completed (C)
15CVCP033K,531 Waverly Avenue,Brooklyn,531 Waverly Avenue,Block: 2012Lot:1 ...,Completed (C)
14CVCP167K,1225 Atlantic Avenue,Brooklyn,1225 Atlantic Avenue,Block: 1866Lot:23 ...,Completed (C)
13CVCP113K,186 Greenpoint Avenue,Brooklyn,186 Greenpoint Avenue,Block: 2575Lot:5,Completed (C)
15CVCP164K,2633 Ocean Avenue,Brooklyn,2633 Ocean Avenue,Block: 7381Lot:1 ...,Completed (C)
14CVCP224K,566 Carroll Street,Brooklyn,566 Carroll Street,Block: 961Lot:7,Completed (C)
14CVCP214K,28 - 46 Roebling Street,Brooklyn,28 Roebling Street,Block: 2306Lot:18 ...,Completed (C)
14CVCP185K,767 Bergen Street - DOB Job No. 320576658 & 320576649,Brooklyn,767 Bergen Street,Block: 1140Lot:48 ...,Completed (C)
14CVCP172K,137 Bayard Street,Brooklyn,137 Bayard Street,Block: 2719Lot:32,Completed (C)
13CVCP146K,125 Borinquen Place,Brooklyn,125 Borinquen Place,Block: 2411Lot:1 ...,Completed (C)
13CVCP139K,62 Box Street,Brooklyn,62 Box Street,Block: 2483Lot:20,Completed (C)
14CVCP165K,219-223 North 8th Street (230 North 9th Street) - DOB Job No. NB - 320576989320577247 and 340125616,Brooklyn,230 North 9th Street,Block: 2313Lot:11 ...,Completed (C)
13CVCP118K,291 Metropolitan Avenue - DOB Job No. NB - 320545362,Brooklyn,291 Metropolitan Avenue,Block: 2353Lot:13,Completed (C)
13CVCP097K,"823 Bedford Avenue - ""Satmar Meat""",Brooklyn,823 Bedford Avenue,Block: 1734Lot:59,Completed (C)
13CVCP144K,498 Leonard Street,Brooklyn,498 Leonard Street,Block: 2698Lot:11 ...,Completed (C)
13CVCP133K,79-97 4th Avenue,Brooklyn,85 4th Avenue,Block: 934Lot:5 ...,Active (A)
14CVCP159K,245-247 Driggs Avenue,Brooklyn,247 Driggs Avenue,Block: 2699Lot:15 ...,Completed (C)
13CVCP081K,538 Union Avenue,Brooklyn,538 Union Avenue,Block: 2741Lot:7 ...,Completed (C)
13CVCP153K,661 Flushing Avenue,Brooklyn,661 Flushing Avenue,Block: 2272Lot:54,Completed (C)
13CVCP150K,376-382 Wallabout Street,Brooklyn,376 Wallabout Street,Block: 2266Lot:14 ...,Completed (C)
13CVCP154K,101 West Street,Brooklyn,101 West Street,Block: 2556Lot:58 ...,Completed (C)
13CVCP156K,1044 Bedford Avenue,Brooklyn,1044 Bedford Avenue,Block: 1950Lot:33,Completed (C)
13CVCP147K,82 Throop Avenue - DOB Job No. NB - 320761733,Brooklyn,82 Throop Avenue,Block: 2266Lot:34 ...,Completed (C)
14CVCP253K,874 Willoughby Ave,Brooklyn,874 Willoughby Avenue,Block: 1593Lot:23,Active (A)
13CVCP108K,588 Myrtle Avenue - DOB Job No. NB - 320508688,Brooklyn,588 Myrtle Avenue,Block: 1910Lot:23 ...,Completed (C)
13CVCP095K,78-80 Throop Avenue,Brooklyn,78 Throop Avenue,Block: 2266Lot:32 ...,Completed (C)
14CVCP252K,415 Manhattan Avenue,Brooklyn,415 Manhattan Avenue,Block: 2723Lot:30,Completed (C)
14CVCP164K,1345-1357 Rogers Avenue,Brooklyn,1345 Rogers Avenue,Block: 5229Lot:15 ...,Completed (C)
13CVCP116K,683-691 Marcy Ave. (aka 168 Kosciusko St),Brooklyn,683 Marcy Avenue,Block: 1785Lot:1 ...,Completed (C)
13CVCP135K,Dean Street - Habitat for Humanity,Brooklyn,2396 Dean Street,Block: 1450Lot:8 ...,Active (A)
13CVCP072K,345 State Street,Brooklyn,345 State Street,Block: 171Lot:101 ...,Completed (C)
13CVCP094K,81 Fleet Place,Brooklyn,81 Fleet Place,Block: 2061Lot:110 ...,Completed (C)
13CVCP076K,172 Nassau Street - DOB Job No. NB - 301914739,Brooklyn,172 Nassau Street,Block: 108Lot:12 ...,Completed (C)
14CVCP198K,89 Grand Street DOB Job No. NB-320917521,Brooklyn,89 GRAND STREET,Block: 2379Lot:42 ...,Completed (C)
13CVCP071K,650 Metropolitan Avenue,Brooklyn,650 Metropolitan Avenue,Block: 2763Lot:11,Completed (C)
12CVCP069K,249 North 7th Street & 248 North 8th Street - DOB Job Nos. NB - 302067484 & NB - 302061621,Brooklyn,249 North 7th Street,Block: 2322Lot:10 ...,Completed (C)
13CVCP078K,243 Meeker Avenue - DOB Job Nos. NB-320587691NB-320544513 & NB-320544407,Brooklyn,243 Meeker Avenue,Block: 2741Lot:19 ...,Completed (C)
17CVCP005K,288 North 8th Street,Brooklyn,288 North 8th Street,Block: 2323Lot:9 ...,Completed (C)
13CVCP092K,10504 Flatlands Avenue,Brooklyn,10504 Flatlands Avenue,Block: 8213Lot:37 ...,Completed (C)
13CVCP101K,66 North 8th Street,Brooklyn,66 North 8th Street,Block: 2317Lot:13,Active (A)
13CVCP086K,235-247 & 253-263 North 9th Street,Brooklyn,235 North 9th Street,Block: 2307Lot:27 ...,Completed (C)
12CVCP053K,25 Hope Street,Brooklyn,25 Hope Street,Block: 2368Lot:34,Completed (C)
13CVCP122K,212-218 North 9th Street,Brooklyn,212 North 9th Street,Block: 2313Lot:5 ...,Completed (C)
13CVCP112K,131 Berry Street,Brooklyn,131 Berry Street,Block: 2327Lot:5,Completed (C)
12CVCP057K,821 Bedford Avenue,Brooklyn,821 Bedford Avenue,Block: 1734Lot:60 ...,Completed (C)
12CVCP051K,263 Bedford Avenue - DOB Job No. NB-320321219,Brooklyn,263 Bedford Avenue,Block: 2366Lot:1,Completed (C)
12CVCP056K,390 Wallabout Street,Brooklyn,390 Wallabout Street,Block: 2266Lot:21 ...,Completed (C)
12CVCP055K,72 Throop Avenue,Brooklyn,72 Throop Avenue,Block: 2266Lot:27 ...,Completed (C)
13CVCP087K,"527 Flushing Avenue ""New Bldg.""",Brooklyn,527 Flushing Avenue,Block: 2263Lot:56 ...,Completed (C)
13CVCP093K,"60 Water Street ""Two Trees""",Brooklyn,60 Water Street,Block: 36Lot:1 ...,Completed (C)
13CVCP074K,16 Bartlett Street,Brooklyn,16 BARTLETT STREET,Block: 2272Lot:4 ...,Completed (C)
12CVCP048K,1309-1321 38th Street,Brooklyn,1321 38th Street,Block: 5300Lot:70 ...,Completed (C)
12CVCP067K,1465 Rockaway Parkway,Brooklyn,1465 Rockaway Parkway,Block: 8185Lot:24,Completed (C)
12CVCP054K,107 Union Street,Brooklyn,107 Union Street,Block: 335Lot:42,Completed (C)
13CVCP152K,29-35 Carroll Street (a.k.a 33 Carroll Street),Brooklyn,29 Carroll Street,Block: 347Lot:50 ...,Completed (C)
13CVCP110K,504 Myrtle Avenue,Brooklyn,504 Myrtle Avenue,Block: 1905Lot:30 ...,Completed (C)
13CVCP070K,"876 Livonia Avenue ""New 2-Story Commerical Bldg."" - DOB Job No. NB - 320232930",Brooklyn,876 Livonia Avenue,Block: 4092Lot:3,Active (A)
12CVCP045K,1426-1438 Fulton Street AKA 293-297 Herkimer Street,Brooklyn,1426 Fulton Street,Block: 1863Lot:9 ...,Completed (C)
13CVCP109K,490 Myrtle Avenue,Brooklyn,484 Myrtle Avenue,Block: 1905Lot:19 ...,Completed (C)
14CVCP246K,505 Union Avenue,Brooklyn,505 Union Avenue,Block: 2315Lot:21,Completed (C)
13CVCP088K,285 Jay Street,Brooklyn,285 Jay Street,Block: 131Lot:1,Completed (C)
13CVCP128K,501 Leonard Street,Brooklyn,501 Leonard Street,Block: 2697Lot:7 ...,Active (A)
15CVCP095K,387 Manhattan Avenue,Brooklyn,387 Manhattan Avenue,Block: 2738Lot:21,Completed (C)
23CVCP007K,97 North 6th Street,Brooklyn,97 NORTH 6TH STREET,Block: 2326Lot:34,Active (A)
22CVCP079K,2667 Fulton Street,Brooklyn,2667 FULTON STREET,Block: 3661Lot:1,Active (A)
22CVCP085K,60 Throop Avenue,Brooklyn,60 THROOP AVENUE,Block: 2250Lot:129,Active (A)
22CVCP071K,511 Meeker Avenue,Brooklyn,511 MEEKER AVENUE,Block: 2727Lot:47,Active (A)
22CVCP084K,840-856 Atlantic Avenue,Brooklyn,840 ATLANTIC AVENUE,Block: 1122Lot:71 ...,Active (A)
22CVCP074K,288 Jackson Street,Brooklyn,288 JACKSON STREET,Block: 2885Lot:35,Active (A)
22CVCP022K,105 River Street (North Tower),Brooklyn,87 RIVER STREET,Block: 2361Lot:1 ...,Active (A)
22CVCP021K,25 Milford Street,Brooklyn,25 MILFORD STREET,Block: 4153Lot:27,Active (A)
22CVCP036K,356-380 Fulton Street,Brooklyn,356-370 FULTON STREET,Block: 154Lot:5 ...,Active (A)
22CVCP057K,881-885 New Jersey Avenue,Brooklyn,881-885 NEW JERSEY AVENUE,Block: 4348Lot:48 ...,Active (A)
21CVCP058K,1050 Pacific Street,Brooklyn,643 CLASSON AVENUE,Block: 1134Lot:2 ...,Active (A)
21CVCP043K,155 Carlton Avenue,Brooklyn,155 CARLTON AVENUE,Block: 2073Lot:22,Active (A)
22CVCP009K,979 Pacific Street,Brooklyn,979 PACIFIC STREET,Block: 1125Lot:1,Active (A)
21CVCP045K,83 Apollo Street,Brooklyn,83 APOLLO STREET,Block: 2661Lot:16 ...,Active (A)
21CVCP038K,89 Union Avenue,Brooklyn,89 UNION AVENUE,Block: 2241Lot:39,Active (A)
21CVCP026K,4701 19th Avenue,Brooklyn,4701 19TH AVENUE,Block: 5457Lot:166,Active (A)
22CVCP064K,1625 Prospect Place,Brooklyn,1625 PROSPECT PL,Block: 1363Lot:60,Active (A)
22CVCP058K,772 Halsey Street,Brooklyn,772 HALSEY ST,Block: 1668Lot:48,Active (A)
22CVCP065K,53 MacDougal Street,Brooklyn,53 MACDOUGAL ST,Block: 1524Lot:43,Active (A)
22CVCP043K,1775 CONEY ISLAND AVENUE,Brooklyn,1775 CONEY ISLAND AVENUE,Block: 6749Lot:78,Active (A)
22CVCP082K,6 Howard Avenue,Brooklyn,6 HOWARD AVENUE,Block: 1481Lot:35,Active (A)
21CVCP017K,29 Jay Street,Brooklyn,29 Jay Street,Block: 20Lot:1,Active (A)
21CVCP030K,117 Glenmore Avenue,Brooklyn,117 GLENMORE AVENUE,Block: 3692Lot:1 ...,Active (A)
20CVCP076K,156-158 Somers Street,Brooklyn,156 - 158 SOMERS STREET,Block: 1544Lot:15 ...,Active (A)
20CVCP061K,494 Manhattan Avenue,Brooklyn,494 MANHATTAN AVENUE,Block: 2713Lot:1,Completed (C)
20CVCP054K,130 North 6th Street,Brooklyn,126 North 6th Street,Block: 2335Lot:6 ...,Completed (C)
20CVCP063K,175 McGuinness Boulevard,Brooklyn,175 MCGUINNESS BOULEVARD,Block: 2599Lot:23 ...,Active (A)
22CVCP019K,2602 Pitkin Avenue,Brooklyn,2602 PITKIN AVENUE,Block: 4228Lot:13,Active (A)
20CVCP040K,487 4th Avenue,Brooklyn,487 4TH AVENUE,Block: 1028Lot:7,Active (A)
20CVCP035K,411 Meeker Avenue,Brooklyn,411 MEEKER AVENUE,Block: 2724Lot:1 ...,Completed (C)
20CVCP059K,381 Chester Street,Brooklyn,401 CHESTER STREET,Block: 3589Lot:21,Active (A)
20CVCP011K,20 Luquer Street,Brooklyn,20 LUQUER STREET,Block: 520Lot:13 ...,Active (A)
20CVCP049K,169 LORIMER STREET,Brooklyn,169 LORIMER STREET,Block: 2242Lot:45,Completed (C)
20CVCP002K,1941 Coney Island Avenue,Brooklyn,1941 CONEY ISLAND AVENUE,Block: 6774Lot:1 ...,Completed (C)
20CVCP044K,1601 Dekalb Avenue,Brooklyn,1601 DEKALB AVENUE,Block: 3237Lot:23 ...,Active (A)
20CVCP016K,3294 Atlantic Avenue,Brooklyn,3294 ATLANTIC AVENUE,Block: 4153Lot:40,Active (A)
20CVCP007K,2776 Fulton Street,Brooklyn,2776 FULTON STREET,Block: 3946Lot:18 ...,Active (A)
19CVCP066K,233 NEVINS STREET Phase II,Brooklyn,233 NEVINS STREET,Block: 412Lot:6,Completed (C)
19CVCP056K,297 Wallabout Street,Brooklyn,297 Wallabout Street,Block: 2250Lot:45,Active (A)
20CVCP005K,1010 Gates Avenue,Brooklyn,1010 GATES AVENUE,Block: 1480Lot:17,Active (A)
19CVCP055K,2175 Bergen Street,Brooklyn,217-221 MOTHER GASTON BOULEVARD,Block: 1450Lot:1 ...,Completed (C)
19CVCP039K,1256 38th Street,Brooklyn,1256 38TH STREET,Block: 5294Lot:26 ...,Active (A)
19CVCP038K,1250 38TH STREET,Brooklyn,1250 38TH STREET,Block: 5294Lot:25,Active (A)
19CVCP062K,1021 Bedford Avenue,Brooklyn,1021-1023 BEDFORD AVENUE,Block: 1788Lot:4 ...,Completed (C)
18CVCP011K,800 Flatbush Avenue,Brooklyn,800 FLATBUSH AVENUE,Block: 5063Lot:58,Completed (C)
15CVCP103K,77 Commercial Street,Brooklyn,77 Commercial Street,Block: 2472Lot:410,Active (A)
16CVCP084K,666 Greene Avenue,Brooklyn,666 Greene Avenue,Block: 1801Lot:8,Completed (C)
18CVCP070K,2846-2868 Linden Boulevard - Linden Boulevard Phase IBuilding 1,Brooklyn,2846-2868 LINDEN BOULEVARD,Block: 4496Lot:1 ...,Completed (C)
19CVCP081K,438 Union Avenue,Brooklyn,438 UNION AVENUE,Block: 2761Lot:5,Completed (C)
23CVCP013K,184 Pennsylvania Avenue,Brooklyn,184 PENNSYLVANIA AVENUE,Block: 3703Lot:35 ...,Active (A)
18CVCP068K,24 Bartlett Street,Brooklyn,24 BARTLETT STREET,Block: 2272Lot:6,Active (A)
21CVCP046K,193 Greenpoint Avenue,Brooklyn,193 GREENPOINT AVENUE,Block: 2559Lot:37,Active (A)
14CVCP168K,1043 Fulton Street,Brooklyn,1045 Fulton Street,Block: 1992Lot:7 ...,Completed (C)
22CVCP081K,1 Putnam Avenue,Brooklyn,1 PUTNAM AVENUE,Block: 1981Lot:1,Active (A)
19CVCP086K,596 Metropolitan Avenue,Brooklyn,596 METROPOLITAN AVENUE,Block: 2762Lot:5,Completed (C)
20CVCP058K,723-733 Myrtle Avenue,Brooklyn,723-733 MYRTLE AVENUE,Block: 1736Lot:35 ...,Active (A)
18CVCP046K,2718 Fulton Street,Brooklyn,2718 FULTON STREET,Block: 3673Lot:14 ...,Active (A)
20CVCP072K,1010 Pacific Street,Brooklyn,1010 PACIFIC STREET,Block: 1133Lot:32 ...,Active (A)
22CVCP073K,425 Coney Island Avenue,Brooklyn,425 CONEY ISLAND AVENUE,Block: 5070Lot:19 ...,Active (A)
16CVCP068K,52-56 Throop Avenue,Brooklyn,52 Throop Avenue,Block: 2250Lot:27 ...,Completed (C)
15CVCP077K,138-142 North 10th Street,Brooklyn,142 North 10th Street,Block: 2304Lot:12 ...,Completed (C)
15CVCP098K,35-37 Duffield Street,Brooklyn,37 Duffield Street,Block: 121Lot:18 ...,Completed (C)
17CVCP076K,801 Bedford Avenue,Brooklyn,801 Bedford Avenue,Block: 1734Lot:70,Completed (C)
18CVCP015K,1249 CONEY ISLAND AVENUE,Brooklyn,1249 CONEY ISLAND AVENUE,Block: 6695Lot:48,Completed (C)
20CVCP051K,1035 Coney Island Avenue,Brooklyn,1039 CONEY ISLAND AVENUE,Block: 5232Lot:37,Completed (C)
18CVCP064K,20 PRESCOTT PLACE,Brooklyn,20 PRESCOTT PLACE,Block: 1556Lot:25 ...,Completed (C)
18CVCP006K,223 SPENCER STREET,Brooklyn,223 SPENCER STREET,Block: 1763Lot:2 ...,Completed (C)
18CVCP060K,481 GRAHAM AVENUE,Brooklyn,481 GRAHAM AVENUE,Block: 2724Lot:18,Completed (C)
19CVCP012K,118 New Jersey Avenue,Brooklyn,118 NEW JERSEY AVENUE,Block: 3670Lot:25,Hold (H)
17CVCP080K,436 FLUSHING AVENUE,Brooklyn,436 FLUSHING AVENUE,Block: 1886Lot:40,Completed (C)
18CVCP005K,187 KENT AVENUE,Brooklyn,187 KENT AVENUE,Block: 2357Lot:1 ...,Completed (C)
18CVCP008K,171 CONCORD STREET,Brooklyn,171 CONCORD STREET,Block: 108Lot:24,Completed (C)
17CVCP050K,99 North 4th Street,Brooklyn,99 4TH STREET,Block: 2342Lot:26,Completed (C)
17CVCP043K,167 Lorimer Street,Brooklyn,169 LORIMER STREET,Block: 2242Lot:46 ...,Completed (C)
15CVCP075K,349-355 Grand Street,Brooklyn,349 Grand Street,Block: 2384Lot:22 ...,Completed (C)
17CVCP011K,7 Whipple Street,Brooklyn,7 Whipple Street,Block: 2272Lot:45 ...,Completed (C)
20CVCP014K,881 LEXINGTON AVENUE,Brooklyn,881 LEXINGTON AVENUE,Block: 1623Lot:57,Completed (C)
20CVCP088K,625 Fulton Street,Brooklyn,625 FULTON STREET,Block: 2094Lot:1 ...,Active (A)
20CVCP042K,447 Euclid Avenue,Brooklyn,447 EUCLID AVENUE,Block: 4214Lot:12 ...,Active (A)
13CVCP155K,50 Greenpoint Avenue,Brooklyn,50 Greenpoint Avenue,Block: 2562Lot:1 ...,Completed (C)
23CVCP033K,79 Quay Street,Brooklyn,79 QUAY STREET,Block: 2589Lot:1,Active (A)
17CVCP071K,537 GRAND STREET,Brooklyn,537 GRAND STREET,Block: 2779Lot:38,Completed (C)
15CVCP034K,75 Eckford Street,Brooklyn,75 Eckford Street,Block: 2698Lot:25,Completed (C)
18CVCP035K,177 Bayard Street,Brooklyn,177 BAYARD STREET,Block: 2720Lot:41,Active (A)
18CVCP013K,875 4th Avenue,Brooklyn,875 4th Avenue,Block: 681Lot:1 ...,Active (A)
23CVCP030K,236 Gold Street,Brooklyn,236 GOLD STREET,Block: 121Lot:32 ...,Active (A)
20CVCP019K,2337 Pitkin Avenue,Brooklyn,2337 PITKIN AVENUE,Block: 3998Lot:30 ...,Active (A)
17CVCP057K,11-23 Montieth Street,Brooklyn,11 Montieth Street,Block: 3139Lot:30 ...,Active (A)
21CVCP009K,76 North 8th Street,Brooklyn,76 NORTH 8TH STREET,Block: 2317Lot:18,Active (A)
19CVCP072K,74-76 South Second Street,Brooklyn,74-76 SOUTH SECOND STREET,Block: 2416Lot:8 ...,Completed (C)
20CVCP045K,169 Livonia Avenue,Brooklyn,169 LIVONIA AVENUE,Block: 3573Lot:1 ...,Completed (C)
22CVCP068K,2701-2715 Fulton Street,Brooklyn,2701-2715 FULTON STREET,Block: 3662Lot:52 ...,Active (A)
23CVCP012K,303 Wythe Avenue,Brooklyn,303 WYTHE AVENUE,Block: 2404Lot:1,Active (A)
20CVCP038K,64 North 8th Street,Brooklyn,64 NORTH 8TH STREET,Block: 2317Lot:12,Active (A)
13CVCP090K,125 Flatbush Avenue Extension,Brooklyn,125 Flatbush Avenue Extension,Block: 133Lot:13,Completed (C)
19CVCP037K,1246 38th Street,Brooklyn,1246 38TH STREET,Block: 5294Lot:24,Active (A)
15CVCP004K,Domino Sugar Site D,Brooklyn,350 Kent Avenue,Block: 2414Lot:1,Active (A)
19CVCP098K,302 Graham Avenue,Brooklyn,302 GRAHAM AVENUE,Block: 2777Lot:5,Active (A)
21CVCP060K,103 Liberty Avenue,Brooklyn,103 LIBERTY AVENUE,Block: 3675Lot:25 ...,Completed (C)
17CVCP063K,722 Metropolitan Avenue,Brooklyn,722 Metropolitan Avenue,Block: 2764Lot:13 ...,Active (A)
22CVCP002K,540 Graham Avenue,Brooklyn,540 GRAHAM AVENUE,Block: 2701Lot:1 ...,Active (A)
20CVCP055K,624 Metropolitan Avenue,Brooklyn,624 METROPOLITAN AVENUE,Block: 2762Lot:14,Active (A)
23CVCP025K,6202 14th Avenue,Brooklyn,6202 14TH AVENUE,Block: 5733Lot:35 ...,Active (A)
22CVCP087K,164 4th Avenue,Brooklyn,164 4TH AVENUE,Block: 420Lot:37,Active (A)
22CVCP044K,553 Sackett Street,Brooklyn,553 SACKETT STREET,Block: 426Lot:49 ...,Active (A)
18CVCP004K,6317 Fort Hamilton Parkway,Brooklyn,6317 Fort Hamilton Parkway,Block: 5736Lot:43,Active (A)
21CVCP019K,167-171 North 1st Street,Brooklyn,167-171 NORTH 1ST STREET,Block: 2366Lot:32,Active (A)
22CVCP008K,1499 Bedford Avenue,Brooklyn,1499 BEDFORD AVENUE,Block: 1253Lot:7,Active (A)
15CVCP067K,280 Meeker Ave,Brooklyn,280 Meeker Avenue,Block: 2742Lot:9,Active (A)
15CVCP030K,156 Tillary Street,Brooklyn,156 Tillary Street,Block: 133Lot:15,Completed (C)
22CVCP010K,276 Bedford Avenue,Brooklyn,276 BEDFORD AVENUE,Block: 2380Lot:20,Active (A)
21CVCP012K,2384 Atlantic Avenue,Brooklyn,2384 ATLANTIC AVENUE,Block: 1437Lot:1,Active (A)
22CVCP029K,121-123 Grand Street,Brooklyn,121 GRAND STREET,Block: 2379Lot:24 ...,Active (A)
22CVCP031K,374 4th Avenue,Brooklyn,374 4TH AVENUE,Block: 980Lot:77,Active (A)
23CVCP028K,285 Metropolitan Avenue,Brooklyn,285 Metropolitan Avenue,Block: 2353Lot:26 ...,Active (A)
16CVCP035K,2150 Mill Avenue,Brooklyn,2150 Mill Avenue,Block: 8470Lot:1095 ...,Active (A)
23CVCP027K,202 North 4th Street,Brooklyn,202 NORTH 4TH STREET,Block: 2353Lot:26,Active (A)
19CVCP013K,390 Leonard Street,Brooklyn,390 LEONARD STREET,Block: 2733Lot:6,Active (A)
22CVCP060K,127 Concord Street,Brooklyn,127 CONCORD STREET,Block: 107Lot:48,Active (A)
20CVCP083K,129 Kent Avenue,Brooklyn,129 KENT AVENUE,Block: 2325Lot:1 ...,Active (A)
21CVCP016K,508 Graham Avenue,Brooklyn,508 GRAHAM AVENUE,Block: 2720Lot:6 ...,Active (A)
19CVCP064K,931 Carrol Street,Brooklyn,931 CARROLL STREET,Block: 1188Lot:58,Active (A)
19CVCP040K,996 Manhattan Avenue,Brooklyn,996 Manhattan Avenue,Block: 2523Lot:1,Completed (C)
23CVCP041K,213 Third Avenue,Brooklyn,213 THIRD AVENUE,Block: 427Lot:7 ...,Active (A)
22CVCP089K,288 4th Avenue,Brooklyn,286-290 4TH AVENUE,Block: 456Lot:34,Active (A)
16CVCP018K,100 Union Avenue,Brooklyn,100 Union Avenue,Block: 2242Lot:3,Active (A)
20CVCP041K,160 17th Street,Brooklyn,160 17TH STREET,Block: 630Lot:22,Active (A)
20CVCP009K,116 North 5th Street,Brooklyn,116 North 5th Street,Block: 2343Lot:5,Active (A)
18CVCP019K,108-112 North 6th Street,Brooklyn,112 NORTH 6TH STREET,Block: 2334Lot:22 ...,Active (A)
20CVCP023K,80 Flatbush Avenue,Brooklyn,80 FLATBUSH AVENUE,Block: 174Lot:13 ...,Active (A)
19CVCP103K,55 SUMMIT STREET,Brooklyn,55 SUMMIT STREET,Block: 352Lot:49 ...,Active (A)
18CVCP020K,1860 EASTERN PARKWAY,Brooklyn,1860 EASTERN PARKWAY,Block: 1436Lot:6,Completed (C)
15CVCP018K,66 Ainslie Street,Brooklyn,66 Ainslie Street,Block: 2375Lot:5,Completed (C)
21CVCP015K,72-76 Congress Street,Brooklyn,72-76 CONGRESS STREET,Block: 299Lot:11,Active (A)
15CVCP087K,74 Vernon Avenue,Brooklyn,74 Vernon Avenue,Block: 1759Lot:7,Completed (C)
23CVCP015K,676 Myrtle Avenue,Brooklyn,676 MYRTLE AVENUE,Block: 1914Lot:22,Active (A)
23CVCP038K,179 22nd Street,Brooklyn,691 4TH AVENUE,Block: 643Lot:1 ...,Active (A)
16CVCP061K,1019-1033 Fulton Street,Brooklyn,1033 Fulton Street,Block: 1991Lot:1 ...,Completed (C)
18CVCP047K,137 Frost Street,Brooklyn,137 FROST STREET,Block: 2734Lot:35 ...,Active (A)
20CVCP031K,54 Crown Street,Brooklyn,46 CROWN STREET,Block: 1190Lot:29 ...,Active (A)
21CVCP036K,2440 Fulton Street,Brooklyn,2440 FULTON STREET,Block: 1554Lot:16,Active (A)
15CVCP052K,1038 Greene Avenue,Brooklyn,1038 Greene Avenue,Block: 1623Lot:25,Completed (C)
15CVCP074K,119-127 Livingston Street,Brooklyn,119 Livingston Street,Block: 154Lot:37 ...,Completed (C)
19CVCP099K,322 Graham Avenue,Brooklyn,322 GRAHAM AVENUE,Block: 2771Lot:7,Active (A)
20CVCP066K,1881 McDonald Avenue,Brooklyn,1881 MCDONALD AVENUE,Block: 6633Lot:45 ...,Active (A)
15CVCP001K,Domino Sugar Site E,Brooklyn,317 KENT AVENUE,Block: 2428Lot:1,Completed (C)
19CVCP083K,161 West Street,Brooklyn,161 WEST STREET,Block: 2520Lot:1,Active (A)
16CVCP080K,853 Lexington Avenue,Brooklyn,853 Lexington Avenue,Block: 1623Lot:70,Completed (C)
20CVCP039K,540-554 WAVERLY AVENUE,Brooklyn,547 Clinton Avenue,Block: 2011Lot:1 ...,Completed (C)
14CVCP250K,269-271 4th Avenue,Brooklyn,271 4th Avenue,Block: 964Lot:6 ...,Completed (C)
16CVCP049K,912 Broadway,Brooklyn,374 Stockton Street,Block: 1584Lot:11,Completed (C)
16CVCP062K,1200 Broadway,Brooklyn,1200 Broadway,Block: 1613Lot:16 ...,Completed (C)
15CVCP123K,Ralph Avenue and Preston Court,Brooklyn,1423 Ralph Avenue,Block: 7918Lot:86 ...,Completed (C)
16CVCP034K,296 Wythe Avenue,Brooklyn,296 Wythe Avenue,Block: 2378Lot:21 ...,Completed (C)
16CVCP078K,391 Meeker Avenue,Brooklyn,391 Meeker Avenue,Block: 2723Lot:33,Completed (C)
17CVCP002K,44 Box Street,Brooklyn,44 BOX STREET,Block: 2483Lot:11 ...,Completed (C)
18CVCP059K,13-15 GREENPOINT AVENUE,Brooklyn,13-15 GREENPOINT AVENUE,Block: 2556Lot:45 ...,Completed (C)
19CVCP043K,Greenpoint Landing H3,Brooklyn,45 COMMERCIAL STREET,Block: 2472Lot:475 ...,Completed (C)
22CVCP013K,352 Meeker Avenue,Brooklyn,352 MEEKER AVENUE,Block: 2738Lot:10 ...,Active (A)
22CVCP020K,527 Grand Avenue,Brooklyn,527 GRAND AVENUE,Block: 1133Lot:7 ...,Active (A)
22CVCP069K,794 Bedford Avenue,Brooklyn,794 BEDFORD AVENUE,Block: 1886Lot:71,Active (A)
14CVCP254K,945 Bergen Street (Franklin Avenue Lofts - Bergen Street Side),Brooklyn,945 Bergen Street,Block: 1142Lot:48 ...,Active (A)
22CVCP003K,5402 Fort Hamilton Parkway,Brooklyn,5402 - 5410 FORT HAMILTON PARKWAY,Block: 5673Lot:42 ...,Active (A)
15CVCP006K,Domino Sugar Site C,Brooklyn,320-328 KENT AVENUE,Block: 2414Lot:26 ...,Active (A)
17CVCP068K,141 North 6th Street,Brooklyn,141 NORTH 6TH STREET,Block: 2327Lot:32 ...,Active (A)
20CVCP053K,3513 Atlantic Avenue,Brooklyn,3513 ATLANTIC AVENUE,Block: 4151Lot:54,Active (A)
21CVCP020K,144 Noll Street,Brooklyn,144 NOLL,Block: 3154Lot:23 ...,Active (A)
22CVCP041K,2905 West 17th Street,Brooklyn,2905 WEST 17TH STREET,Block: 7062Lot:1 ...,Active (A)
23CVCP006K,1514-1530 60th Street,Brooklyn,1514-1530 60TH STREET,Block: 5516Lot:14 ...,Active (A)
15CVCP089K,963 Atlantic Avenue,Brooklyn,963 Atlantic Avenue,Block: 2019Lot:80,Active (A)
17CVCP035K,75 DUPONT STREET,Brooklyn,93 DUPONT STREET,Block: 2487Lot:57 ...,Active (A)
22CVCP001K,2700 Atlantic Avenue,Brooklyn,2700 ATLANTIC AVENUE,Block: 3689Lot:12 ...,Active (A)
21CVCP049K,5914-5924 Bay Parkway,Brooklyn,5914-5924 BAY PARKWAY,Block: 5515Lot:43 ...,Active (A)
14CVCP202K,738 Grand Street,Brooklyn,738 Grand Street,Block: 2789Lot:10,Active (A)
22CVCP027K,311 Bergen Street,Brooklyn,311 BERGEN STREET,Block: 198Lot:48 ...,Active (A)
21CVCP006K,416 Metropolitan Avenue,Brooklyn,416 Metropolitan Avenue,Block: 2369Lot:19,Active (A)
21CVCP033K,171 Throop Avenue,Brooklyn,171 THROOP AVENUE,Block: 1723Lot:3 ...,Active (A)
14CVCP245K,140 Vanderbilt Avenue,Brooklyn,140 Vanderbilt Avenue,Block: 2046Lot:84,Active (A)
22CVCP090K,30 Bushwick Avenue,Brooklyn,30 BUSHWICK AVENUE,Block: 2772Lot:14 ...,Active (A)
15CVCP005K,Domino Sugar Site F - Refinery Building,Brooklyn,292 Kent Avenue,Block: 2414Lot:1 ...,Active (A)
22CVCP091K,355 Shepherd Avenue,Brooklyn,355 SHEPHERD AVENUE,Block: 3989Lot:1 ...,Active (A)
19CVCP010K,1457-1471 Flatbush Avenue,Brooklyn,1457-1471 FLATBUSH AVENUE,Block: 5251Lot:11 ...,Active (A)
19CVCP045K,102-110 North 1st Street,Brooklyn,102 NORTH 1ST STREET,Block: 2379Lot:16 ...,Active (A)
22CVCP045K,420-430 Carroll Street,Brooklyn,420 CARROLL STREET,Block: 453Lot:1 ...,Active (A)
22CVCP042K,2400 Pitkin Avenue,Brooklyn,2400 PITKIN AVENUE,Block: 4017Lot:15 ...,Active (A)
22CVCP032K,30 Bartlett Street,Brooklyn,30 BARTLETT STREET,Block: 2272Lot:9,Active (A)
19CVCP053K,Greenpoint Landing D,Brooklyn,1 EAGLE STREET,Block: 2472Lot:21 ...,Completed (C)
22CVCP049K,73-75 McGuinness Blvd,Brooklyn,73-75 MCGUINNESS BLVD,Block: 2649Lot:24 ...,Active (A)
18CVCP079K,575 Grand Street,Brooklyn,575 Grand Street,Block: 2780Lot:1 ...,Active (A)
17CVCP053K,566 Grand Street,Brooklyn,566 Grand Street,Block: 2785Lot:27 ...,Active (A)
21CVCP053K,209 North 11th Street,Brooklyn,209 NORTH 11TH STREET,Block: 2292Lot:29,Active (A)
22CVCP034K,Greenpoint Landing E1,Brooklyn,16 DUPONT STREET,Block: 2494Lot:6 ...,Active (A)
23CVCP009K,88 North 1st Street,Brooklyn,88 North 1st Street,Block: 2379Lot:9,Active (A)
21CVCP041K,584 4th Avenue,Brooklyn,584 4th Avenue,Block: 1051Lot:39,Active (A)
20CVCP067K,886 Broadway,Brooklyn,886 BROADWAY,Block: 1582Lot:15 ...,Completed (C)
21CVCP014K,590-594 Myrtle Avenue,Brooklyn,590-594 MYRTLE AVENUE,Block: 1910Lot:25 ...,Completed (C)
22CVCP007K,639-641 East 28th Street,Brooklyn,639-641 EAST 28TH STREET,Block: 5251Lot:14 ...,Active (A)