Project ID,Name,Borough,Address,Block & Lot,Project Class
"19TMP0447K, 19ENOS132K",31 DIVISION AVENUE,Brooklyn,31 DIVISION AVENUE,"Block: 2159, Lot:2",Completed (C)
"19TMP0339K, 19CVCP027K",651 - 671 Gates Avenue,Brooklyn,651 - 671 GATES AVENUE,"Block: 1811, Lot:19 ...",Completed (C)
"19TMP0187K, 19EA-N067K",114 SUYDAM STREET,Brooklyn,114 SUYDAM STREET,"Block: 3217, Lot:10",Completed (C)
"19TMP0163K, 19RHAZ060K, 19TMP0868K (MERGED), 19TMP1915K (MERGED), 19TMP2078K (MERGED), 20CVCP034K, 21TMP0748K (MERGED), 21TMP1194K (MERGED), 22TMP0419K (MERGED)",63-71 Bridge Street,Brooklyn,63-71 BRIDGE STREET,"Block: 42, Lot:1 ...",Hold (H)
"19TMP0102K, 19ENOS045K",860 PUTNAM AVENUE,Brooklyn,860 PUTNAM AVENUE,"Block: 1652, Lot:134",Completed (C)
"23TMP0398K, 23EH-A063K",444 Carroll Street,Brooklyn,444 CARROLL STREET,"Block: 453, Lot:26",Active (A)
"19TMP0059K, 19EHAZ033K, 19CVCP020K, 23TMP0587K (MERGED)",1458-1460 FLATBUSH AVENUE,Brooklyn,1458-1460 FLATBUSH AVENUE,"Block: 5249, Lot:58 ...",Completed (C)
"19TMP0033K, 19EH-N113K, 19CVCP068K",842-846 FLUSHING AVENUE,Brooklyn,842-848 FLUSHING AVENUE,"Block: 3138, Lot:20 ...",Completed (C)
"19TMP0019K, 19RHAZ019K",289 North 6th Street,Brooklyn,289 NORTH 6TH STREET,"Block: 2331, Lot:20",Active (A)
"18TMP1470K, 18EHAN493K, 19TMP1472K (MERGED)",50 NEVINS STREET,Brooklyn,50 NEVINS STREET,"Block: 172, Lot:37 ...",Active (A)
"18TMP1429K, 18EHAN480K, 19CVCP033K, 21TMP0790K (MERGED), 22TMP1657K (MERGED), 23TMP0090K (MERGED)",2618 Fulton Street,Brooklyn,2618 FULTON STREET,"Block: 3669, Lot:13 ...",Completed (C)
"18TMP1417K, 18EH-N489K",33 TRUXTON STREET,Brooklyn,33 TRUXTON STREET,"Block: 1543, Lot:1 ...",Active (A)
"18TMP1402K, 18RHAN479K, 19CVCP022K",161 HARRISON AVENUE,Brooklyn,161 HARRISON AVENUE,"Block: 2250, Lot:4",Active (A)
"18TMP1382K, 19CVCP021K",174 KINGS HIGHWAY,Brooklyn,166 KINGS HIGHWAY,"Block: 6619, Lot:42",Active (A)
"18TMP1369K, 19ENOS059K",428 WYTHE AVENUE,Brooklyn,428 WYTHE AVENUE,"Block: 2469, Lot:16 ...",Completed (C)
"18TMP1329K, 18EH-N439K, 19CVCP060K, 19TMP1546K (MERGED)",975 MANHATTAN AVENUE,Brooklyn,975 MANHATTAN AVENUE,"Block: 2532, Lot:46",Completed (C)
"18TMP1205K, 18ENOS429K",153 GRAND STREET,Brooklyn,153 GRAND STREET,"Block: 2380, Lot:32",Completed (C)
"18TMP1177K, 18EH-A406K, 19CVCP001K",777 GLENMORE AVENUE,Brooklyn,777 GLENMORE AVENUE,"Block: 3988, Lot:35",Completed (C)
"18TMP1129K, 18EH-A407K, 19CVCP002K",142-150 South Portland Avenue,Brooklyn,142-150 SOUTH PORTLAND AVE,"Block: 2003, Lot:37",Active (A)
"18TMP1123K, 18EH-N414K, 19CVCP006K",288-292 UNION AVENUE,Brooklyn,288-292 UNION AVENUE,"Block: 3022, Lot:3 ...",Completed (C)
"18TMP1115K, 18EHAZ393K, 18CVCP072K",40-48 COMMERCIAL STREET,Brooklyn,40-48 COMMERCIAL STREET,"Block: 2482, Lot:1 ...",Active (A)
"18TMP1109K, 18EHAZ390K",376 BEDFORD AVE,Brooklyn,376 BEDFORD AVE,"Block: 2443, Lot:29",Completed (C)
"18TMP0853K, 19CVCP007K, 22EH-N270K",233 Nevins Street,Brooklyn,236 BUTLER STREET,"Block: 412, Lot:6 ...",Completed (C)
"18TMP0843K, 18EAIR309K",1669 EAST 19TH STREET,Brooklyn,1669 EAST 19TH STREET,"Block: 6782, Lot:59 ...",Completed (C)
"18TMP0729K, 18EHAZ275K",346 METROPOLITAN AVENUE,Brooklyn,346 METROPOLITAN AVENUE,"Block: 2368, Lot:18",Completed (C)
"18TMP0709K, 18CVCP051K",98 3RD AVENUE,Brooklyn,98 3RD AVENUE,"Block: 388, Lot:31",Hold (H)
"18TMP0589K, 19CVCP079K",113 Hamilton Avenue,Brooklyn,113 HAMILTON AVENUE,"Block: 362, Lot:1",Completed (C)
"18TMP0572K, 18EHAZ262K",1905 SURF AVENUE,Brooklyn,1905 SURF AVENUE,"Block: 7060, Lot:1 ...",Completed (C)
"18TMP0555K, 18EH-N211K, 18CVCP048K",632 METROPOLITAN AVENUE,Brooklyn,632 METROPOLITAN AVENUE,"Block: 2762, Lot:17",Active (A)
"18TMP0463K, 18EH-N180K",570 NOSTRAND AVENUE,Brooklyn,570 Nostrand Avenue,"Block: 1865, Lot:62",Completed (C)
"18TMP0410K, 18EH-N164K, 18CVCP063K, 18TMP1491K (MERGED)",67 DUFFIELD STREET,Brooklyn,67 DUFFIELD STREET,"Block: 121, Lot:3",Completed (C)
"18TMP0362K, 18ENOS151K",164 METROPOLITAN AVENUE,Brooklyn,164 METROPOLITAN AVENUE,"Block: 2365, Lot:8 ...",Active (A)
"18TMP0361K, 18EH-N139K, 18CVCP040K",1026-1030 MANHATTAN AVENUE,Brooklyn,1026-1030 MANHATTAN AVENUE,"Block: 2513, Lot:3 ...",Active (A)
"18TMP0265K, 18EH-N108K, 18CVCP050K",522 GRAND STREET,Brooklyn,522 GRAND STREET,"Block: 2785, Lot:12",Completed (C)
"18TMP0259K, 18ENOS107K",19 Lorimer Street,Brooklyn,19 LORIMER STREET,"Block: 2240, Lot:71",Completed (C)
"18TMP0222K, 18EAIR092K",1709-1715 CONEY ISLAND AVENUE,Brooklyn,1709 CONEY ISLAND AVENUE,"Block: 6740, Lot:55 ...",Active (A)
"18TMP0144K, 18CVCP018K",2415 CHURCH AVE,Brooklyn,2415 CHURCH AVE,"Block: 5090, Lot:86 ...",Completed (C)
"18TMP0135K, 18EHAZ065K, 18CVCP030K",72 South Second Street,Brooklyn,72 SOUTH SECOND STREET,"Block: 2416, Lot:7",Active (A)
"18TMP0123K, 18EH-N063K, 19CVCP026K, 21TMP0867K (MERGED)",705 Franklin Avenue,Brooklyn,705 FRANKLIN AVENUE,"Block: 1231, Lot:1",Active (A)
23TMP0285K,9 NORTH 15TH,Brooklyn,9 NORTH 15TH,"Block: 2614, Lot:16",Inactive (I)
"18TMP0099K, 18EHAZ054K, 18CVCP034K",2570 FLATBUSH AVENUE,Brooklyn,2570 FLATBUSH AVENUE,"Block: 8590, Lot:31 ...",Completed (C)
"18TMP0088K, 18EH-N061K, 18CVCP043K",157 New Jersey Avenue,Brooklyn,157 NEW JERSEY AVENUE,"Block: 3671, Lot:43 ...",Active (A)
"18TMP0064K, 18EHAN037K, 18CVCP084K, 19TMP0628K (MERGED), 19TMP1320K (MERGED)",315 Linwood Street,Brooklyn,315 LINWOOD,"Block: 3971, Lot:19 ...",Completed (C)
"18TMP0039K, 18EHAZ023K, 19CVCP011K",153 GREEN STREET,Brooklyn,153 GREEN STREET,"Block: 2512, Lot:52",Completed (C)
18TMP0024K,8 WALWORTH STREET - RCRA Interim Status Site,Brooklyn,8 WALWORTH STREET,"Block: 1716, Lot:33",Inactive (I)
"17TMP0931K, 18EHAZ156K, 18CVCP038K",658 DRIGGS AVENUE,Brooklyn,658 DRIGGS AVENUE,"Block: 2366, Lot:21",Completed (C)
"17TMP0927K, 18EHAZ148K, 18CVCP032K, 21TMP0722K (MERGED)",625 Driggs Avenue,Brooklyn,625 DRIGGS AVENUE,"Block: 2353, Lot:6 ...",Completed (C)
"17TMP0850K, 17EH-N333K",96 Franklin Street,Brooklyn,96 FRANKLIN ST,"Block: 2569, Lot:2",Active (A)
"17TMP0797K, 19EHAN453K",West Street (Extension) - Greenpoint Landing,Brooklyn,16 DUPONT STREET,"Block: 2472, Lot:10 ...",Completed (C)
"17TMP0792K, 17EHAZ305K",31 FROST STREET,Brooklyn,31 FROST STREET,"Block: 2731, Lot:35 ...",Completed (C)
"17TMP0738K, 17EHAN350K, 18CVCP002K",1190 Fulton Street,Brooklyn,1190 FULTON STREET,"Block: 1860, Lot:6 ...",Completed (C)
"17TMP0734K, 18EAIR281K",360 WYTHE AVENUE,Brooklyn,356 WYTHE AVENUE,"Block: 2415, Lot:22 ...",Completed (C)
"17TMP0703K, 17EHAZ307K, 19TMP1419K (MERGED), 21TMP1105K (MERGED)",67 METROPOLITAN AVENUE,Brooklyn,67 METROPOLITAN AVENUE,"Block: 2357, Lot:25",Active (A)
"17TMP0699K, 17ENOS282K",625 / 625A HALSEY STREET,Brooklyn,625A HALSEY STREET,"Block: 1662, Lot:59 ...",Completed (C)
"17TMP0623K, 17EHAZ266K, 18CVCP014K",1048 MANHATTAN AVENUE,Brooklyn,1048 MANHATTAN AVENUE,"Block: 2505, Lot:2",Completed (C)
"17TMP0606K, 17EH-N247K, 18CVCP016K",2437 PITKIN AVENUE,Brooklyn,2437 PITKIN AVENUE,"Block: 4003, Lot:35",Completed (C)
"17TMP0600K, 17EHAZ240K, 18CVCP009K",820 GLENMORE AVENUE,Brooklyn,820 GLENMORE AVENUE,"Block: 4006, Lot:13 ...",Completed (C)
"17TMP0599K, 17EH-N286K",300 Berry Street,Brooklyn,300 BERRY STREET,"Block: 2416, Lot:27",Completed (C)
"17TMP0542K, 17EHAN203K, 20TMP0706K (MERGED), 23TMP0211K (MERGED), 23TMP0680K (MERGED)",1350 BEDFORD AVENUE,Brooklyn,1350 BEDFORD AVENUE,"Block: 1205, Lot:28 ...",Completed (C)
"17TMP0541K, 17EH-N322K, 18CVCP023K",81 MCGUINNESS BLVD,Brooklyn,81 MCGUINNESS BLVD,"Block: 2649, Lot:21",Completed (C)
"17TMP0520K, 17EHAZ195K",31 Ainslie Street,Brooklyn,31 AINSLIE STREET,"Block: 2371, Lot:50 ...",Completed (C)
"17TMP0154K, 17ENOS093K, 17TMP0471K",1900 PARK PLACE,Brooklyn,1900 PARK PLACE,"Block: 1468, Lot:56 ...",Completed (C)
"17TMP0458K, 18EHAZ395K",731 BEDFORD AVENUE,Brooklyn,731 BEDFORD AVENUE,"Block: 1715, Lot:30",Completed (C)
"17TMP0434K, 17EHAN169K, 17CVCP072K",1096 BROADWAY,Brooklyn,1096 BROADWAY,"Block: 1600, Lot:15",Completed (C)
"17TMP0419K, 19TMP0540K (MERGED), 19EHAZ152K, 20TMP1170K (MERGED), 20TMP1474K (MERGED)",39 AINSLIE STREET,Brooklyn,39 AINSLIE STREET,"Block: 2371, Lot:48",Completed (C)
"17TMP0396K, 17EHAZ163K, 17CVCP066K",183 MCGUINNESS BOULEVARD,Brooklyn,183 MCGUINNESS BOULEVARD,"Block: 2599, Lot:19 ...",Completed (C)
"17TMP0373K, 17CVCP062K",402 SNEDIKER AVENUE,Brooklyn,402 SNEDIKER AVENUE,"Block: 3799, Lot:26",Completed (C)
"17TMP0356K, 17EA-N135K, 19TMP1847K (MERGED), 20TMP0781K (MERGED)",19-25 KENT AVENUE,Brooklyn,25 KENT AVENUE,"Block: 2282, Lot:1",Completed (C)
"17TMP0332K, 17JMPS001K",7 SARATOGA AVENUE,Brooklyn,7 SARATOGA AVENUE,"Block: 1489, Lot:6 ...",Active (A)
"17TMP0322K, 17EH-A127K, 17CVCP060K",633 MARCY AVENUE,Brooklyn,633 MARCY AVENUE,"Block: 1771, Lot:5 ...",Completed (C)
"17TMP0295K, 17EH-N250K",225 PENNSYLVANIA AVENUE,Brooklyn,225 PENNSYLVANIA AVENUE,"Block: 3721, Lot:1",Completed (C)
"17TMP0289K, 17RHAZ116K",3502-3514 SURF AVENUE,Brooklyn,3502-3514 SURF AVENUE,"Block: 7065, Lot:15 ...",Completed (C)
"17TMP0152K, 17ENOS091K",416 THOMAS S. BOYLAND STREET,Brooklyn,416 THOMAS S. BOYLAND STREET,"Block: 1468, Lot:63",Active (A)
"17TMP0095K, 17EHAN162K, 17CVCP049K",922 MYRTLE AVENUE,Brooklyn,922 MYRTLE AVENUE,"Block: 1756, Lot:24 ...",Completed (C)
"17TMP0084K, 17EH-N064K, 21CVCP031K",335 Ralph Avenue,Brooklyn,335 RALPH AVENUE,"Block: 1556, Lot:3",Active (A)
"17TMP0030K, 17ENOS030K",815 Jefferson Avenue,Brooklyn,815 Jefferson Avenue,"Block: 1653, Lot:86",Completed (C)
"17TMP0015K, 17ENOS015K",850 Putnam Avenue,Brooklyn,850 Putnam Avenue,"Block: 1652, Lot:30",Completed (C)
"17TMP0036K, 17EAIR036K",1657 East 19th Street,Brooklyn,1657 East 19th Street,"Block: 6782, Lot:63",Completed (C)
"16TMP0450K, 16ENOS320K",813 Jefferson Avenue,Brooklyn,813 Jefferson Avenue,"Block: 1653, Lot:86",Completed (C)
"16TMP0360Q, 16ENOS267K",268 Bedford Avenue,Brooklyn,268 Bedford Avenue,"Block: 2365, Lot:19",Completed (C)
"16TMP0356Q, 16ENOS246K",650 - 658 Madison Street,Brooklyn,652 Madison Street,"Block: 1646, Lot:13 ...",Active (A)
"16TMP0165Q, 16ENOS159K",695 Jefferson Avenue,Brooklyn,695 Jefferson Avenue,"Block: 1651, Lot:54",Completed (C)
"16TMP0047Q, 16ENOS041K",1464 Eastern Parkway - DOB Job No. A2 - 340344684,Brooklyn,1464 Eastern Parkway,"Block: 1474, Lot:5",Active (A)
"16TMP0433K, 16EH-N340K, 16CVCP085K",710 Grand Street,Brooklyn,710 Grand Street,"Block: 2788, Lot:19",Completed (C)
"16TMP0347K, 16EH-N254K, 21TMP1348K (MERGED)",1555-1557 Fulton Street,Brooklyn,1555 Fulton Street,"Block: 1858, Lot:39",Completed (C)
"16TMP0201K, 16EH-N199K, 19TMP2184K (MERGED), 21TMP0458K (MERGED), 22TMP1261K (MERGED), 22TMP1837K (MERGED), 23TMP0703K (MERGED)","City Point ""3"" - 138 Willoughby Street",Brooklyn,138 Willoughby Street,"Block: 149, Lot:1 ...",Completed (C)
"16TMP0145M, 16EH-N142K, 16CVCP043K",1516 Fulton Street,Brooklyn,1516 Fulton Street,"Block: 1864, Lot:12",Completed (C)
"16TMP0052K, 16EH-N045K, 16CVCP066K",925 Atlantic Avenue,Brooklyn,925 Atlantic Avenue,"Block: 2018, Lot:57",Active (A)
"16TMP0004Q, 16EH-N001K, 16CVCP015K, 19TMP0216K (MERGED)",1989 Coney Island Avenue,Brooklyn,1989 Coney Island Avenue,"Block: 6774, Lot:57 ...",Completed (C)
"16TMP0425K, 16EHAZ390K, 17CVCP055K, 22TMP1082K (MERGED)",578 5th Avenue,Brooklyn,578 5th Avenue,"Block: 1052, Lot:46 ...",Completed (C)
"16TMP0003Q, 16EHAZ303K, 17CVCP031K",540 Fulton Street,Brooklyn,540 Fulton Street,"Block: 161, Lot:18",Completed (C)
"16TMP0366K, 16EHAZ282K, 16CVCP072K",141 Metropolitan Avenue,Brooklyn,141 Metropolitan Avenue,"Block: 2358, Lot:24",Completed (C)
"16TMP0344K, 16EHAZ272K, 16CVCP076K",814-822 Bedford Ave,Brooklyn,814 Bedford Avenue,"Block: 1900, Lot:31 ...",Completed (C)
"16TMP0224K, 16EHAZ222K, 17CVCP018K",74-76 Ainslie Street,Brooklyn,74 Ainslie Street,"Block: 2375, Lot:10",Completed (C)
"16TMP0222K, 16EHAZ220K, 16CVCP064K",383 Manhattan Avenue,Brooklyn,383 Manhattan Avenue,"Block: 2738, Lot:24",Completed (C)
"16TMP0220K, 16EHAZ204K, 17CVCP027K",241 - 245 4TH AVENUE,Brooklyn,245 4TH AVENUE,"Block: 958, Lot:4 ...",Completed (C)
"16TMP0163K, 16EHAZ157K, 16CVCP070K",1353 Flatbush Avenue,Brooklyn,1353 Flatbush Avenue,"Block: 5227, Lot:13 ...",Completed (C)
"16TMP0099K, 16EHAZ097K, 16CVCP052K, 19TMP1634K (MERGED), 20TMP1261K (MERGED), 21TMP0644K (MERGED)",805-825 Surf Avenue,Brooklyn,805 Surf Avenue,"Block: 7268, Lot:213 ...",Completed (C)
"16TMP0095Q, 16EHAZ",848 Lorimer Street,Brooklyn,848 Lorimer Street,"Block: 2679, Lot:46",Completed (C)
"16TMP0069K, 16EHAZ063K, 16CVCP048K",526 Union Avenue,Brooklyn,526 Union Avenue,"Block: 2741, Lot:3",Completed (C)
"16TMP0063K, 16EHAZ057K, 16CVCP020K, 22TMP1357K (MERGED)",144 - 146 West Street,Brooklyn,146 West Street,"Block: 2531, Lot:1 ...",Completed (C)
"16TMP0406K, 16EHAN349K, 18CVCP049K",1050-1066 Manhattan Avenue,Brooklyn,1050 Manhattan Avenue,"Block: 2505, Lot:3 ...",Completed (C)
"16TMP0131M, 16EHAN126K, 17CVCP054K",609-619 4th Avenue,Brooklyn,609 4th Avenue,"Block: 631, Lot:6 ...",Completed (C)
"16TMP0049M, 16EHAN044K, 16CVCP041K",415-419 Marcy Avenue,Brooklyn,419 Marcy Avenue,"Block: 2245, Lot:1 ...",Active (A)
"16TMP0108K, 16EH-A093K, 16CVCP030K, 20TMP1006K (MERGED)",470 Manhattan Avenue,Brooklyn,470 Manhattan Avenue,"Block: 2714, Lot:30 ...",Completed (C)
"16TMP0051K, 16EH-A042K, 18CVCP037K",82 John Street,Brooklyn,78 John Street,"Block: 20, Lot:21",Completed (C)
"16TMP0176Q, 16EAIR170K",1251 East 19th Street - DOB Job No. NB-321178266,Brooklyn,1251 East 19th Street,"Block: 6739, Lot:26",Completed (C)
"16TMP0267Q, 16CVCP082K, 16CVCP082K",461-463 Tompkins Avenue,Brooklyn,461 Tompkins Avenue,"Block: 1852, Lot:8 ...",Active (A)
"16TMP0385K, 16CVCP079K, 16CVCP079K",179 Throop Avenue,Brooklyn,179 Throop Avenue,"Block: 1723, Lot:1 ...",Completed (C)
"16TMP0252K, 16CVCP016K, 16CVCP016K",96-98 Degraw Street,Brooklyn,98 Degraw Street,"Block: 329, Lot:23 ...",Completed (C)
"15TMP0625K, 15EHAN039K, 20CVCP060K",205 Park Avenue,Brooklyn,195 Park Avenue,"Block: 2033, Lot:50",Active (A)
"15TMP0530K, 15RH-N530K",79 Warren Street,Brooklyn,79 Warren Street,"Block: 299, Lot:39",Active (A)
"15TMP0387K, 15RH-N387K",810 Fulton Street,Brooklyn,810 Fulton Street,"Block: 2009, Lot:26 ...",Completed (C)
"15TMP0013K, 15RHAZ013K, 15CVCP147K",308 North 7th Street,Brooklyn,308 NORTH 7TH STREET,"Block: 2331, Lot:15 ...",Completed (C)
"15TMP0331K, 15RHAN331K, 15CVCP117K",86-90 Walton Street - DOB Job # 321064389,Brooklyn,90 Walton Street,"Block: 2250, Lot:10 ...",Completed (C)
"15TMP0236K, 15RHAN236K, 15CVCP100K",209-227 McGuinness Boulevard,Brooklyn,209 McGuinness Blvd,"Block: 2576, Lot:20 ...",Completed (C)
"15TMP0537K, 15ENOS537K, 19TMP0976K (MERGED), 19TMP1629K (MERGED), 22TMP0344K (MERGED), 22TMP0418K (MERGED), 22TMP1649K (MERGED)",475 Kent Avenue,Brooklyn,473 Kent Avenue,"Block: 2159, Lot:1",Active (A)
"15TMP0534K, 15ENOS534K",709 Grand Street,Brooklyn,709 Grand Street,"Block: 2782, Lot:32",Completed (C)
"15TMP0477K, 15ENOS477K",829 Jefferson Avenue,Brooklyn,829 Jefferson Avenue,"Block: 1653, Lot:80 ...",Completed (C)
"15TMP0476K, 15ENOS476K",827 Jefferson Avenue,Brooklyn,827 Jefferson Avenue,"Block: 1653, Lot:80",Completed (C)
"15TMP0473K, 15ENOS473K",161-163 Columbia Street - DOB Job No. NB-320916853 & NB-320066591,Brooklyn,163 Columbia Street,"Block: 319, Lot:12 ...",Completed (C)
"15TMP0336K, 15ENOS336K",529-533 Myrtle Avenue,Brooklyn,529 Myrtle Avenue,"Block: 1893, Lot:54 ...",Active (A)
"15TMP0324K, 15ENOS324K",267 Bainbridge Street - DOB Job No. NB-320627559,Brooklyn,267 Bainbridge Street,"Block: 1682, Lot:49",Active (A)
"15TMP0323K, 15ENOS323K",269 Bainbridge Street - DOB Job No. NB-320627425,Brooklyn,269 Bainbridge Street,"Block: 1682, Lot:48",Active (A)
"15TMP0303K, 15ENOS303K, 20TMP0845K (MERGED)",425 Fulton Street,Brooklyn,425 Fulton Street,"Block: 150, Lot:10",Completed (C)
"15TMP0291K, 15ENOS291K",430 Albee Square,Brooklyn,430 Albee Square,"Block: 146, Lot:48 ...",Completed (C)
"15TMP0246K, 15ENOS246K, 20TMP0305K (MERGED), 20TMP1011K (MERGED)",237 Duffield Street,Brooklyn,237 Duffield Street,"Block: 146, Lot:7",Active (A)
"15TMP0152K, 15ENOS152K",127 South 1st Street,Brooklyn,131 South 1st Street,"Block: 2392, Lot:39 ...",Active (A)
"15TMP0110K, 15ENOS110K",369 Berry Street,Brooklyn,369 Berry Street,"Block: 2471, Lot:1",Completed (C)
"15TMP0079K, 15ENOS079K",138 North 1st Street,Brooklyn,138 North 1st Street,"Block: 2380, Lot:15",Completed (C)
"15TMP0078K, 15ENOS078K, 18TMP0687K (MERGED)",525 Myrtle Avenue,Brooklyn,525 Myrtle Avenue,"Block: 1893, Lot:58",Completed (C)
"15TMP0001K, 15ENOS001K",664 Jefferson Avenue,Brooklyn,664 Jefferson Avenue,"Block: 1656, Lot:24",Completed (C)
"15TMP0560K, 15EH-N560K",666 Pacific Street,Brooklyn,662 PACIFIC STREET,"Block: 1128, Lot:1 ...",Completed (C)
"15TMP0524K, 15EH-N524K, 17CVCP009K",911-917 Atlantic Avenue,Brooklyn,911 Atlantic Avenue,"Block: 2018, Lot:62 ...",Completed (C)
"15TMP0385K, 15EH-N385K, 15CVCP142K, 22TMP0689K (MERGED)",1520 Fulton Street,Brooklyn,1520 Fulton Street,"Block: 1864, Lot:14 ...",Completed (C)
"15TMP0349K, 15EH-N349K, 16CVCP006K",125 Third Avenue,Brooklyn,125 3rd Avenue,"Block: 395, Lot:3",Completed (C)
"15TMP0344K, 15EH-N344K, 15CVCP126K, 22TMP0264K (MERGED)",977 Manhattan Avenue,Brooklyn,977 Manhattan Avenue,"Block: 2532, Lot:45",Completed (C)
"15TMP0306K, 15EH-N306K, 15CVCP119K, 23TMP0146K (MERGED), 23TMP0282K (MERGED)",400 Union Avenue,Brooklyn,400 Union Avenue,"Block: 2773, Lot:8",Completed (C)
"15TMP0123K, 15EH-N123K, 16CVCP009K",402 Union Avenue,Brooklyn,402 Union Avenue,"Block: 2767, Lot:1",Active (A)
"15TMP0084K, 15EH-N084K",Greenpoint Landing F2,Brooklyn,5 Blue Slip,"Block: 2472, Lot:65 ...",Completed (C)
"15TMP0083K, 15EH-N083K, 17CVCP033K",Greenpoint Landing F1,Brooklyn,41 Blue Slip,"Block: 2472, Lot:45 ...",Completed (C)
"15TMP0082K, 15EH-N082K, 16CVCP065K, 20TMP0260K (MERGED), 20TMP1041K (MERGED), 20TMP1536K (MERGED)",Greenpoint Landing G1,Brooklyn,1 BLUE SLIP,"Block: 2472, Lot:80 ...",Completed (C)
"15TMP0080K, 15EH-N080K, 15CVCP019K",2501 Pitkin Avenue,Brooklyn,2501 Pitkin Avenue,"Block: 4005, Lot:28 ...",Completed (C)
"15TMP0053K, 15EH-N053K, 15CVCP090K",100 Steuben Street,Brooklyn,102 Steuben Street,"Block: 1893, Lot:47 ...",Completed (C)
"15TMP0011K, 15EH-N011K, 15CVCP165K, 20TMP0560K (MERGED)",1068-1072 Fulton Street - DOB Job No. NB-320597243,Brooklyn,1068 Fulton Street,"Block: 2016, Lot:12 ...",Completed (C)
"15TMP0004K, 15EH-N004K, 15CVCP055K",929 Atlantic Avenue,Brooklyn,929 Atlantic Avenue,"Block: 2018, Lot:54",Active (A)
"15TMP0541K, 15EHAZ541K, 15CVCP168K, 19TMP2032K (MERGED)",148 West Street,Brooklyn,148 West Street,"Block: 2531, Lot:3",Completed (C)
"15TMP0513K, 15EHAZ513K, 16CVCP081K",2702 West 15th Street,Brooklyn,2702 West 15th Street,"Block: 6996, Lot:53 ...",Completed (C)
"15TMP0501K, 15EHAZ501K, 16CVCP044K, 20TMP0205K (MERGED), 20TMP0318K (MERGED)",71 & 76 N 7th Street,Brooklyn,71 North 7th Street,"Block: 2317, Lot:18 ...",Completed (C)
"15TMP0471K, 15EHAZ471K, 16CVCP037K, 20TMP0565K (MERGED)",337 Berry Street,Brooklyn,337 Berry Street,"Block: 2443, Lot:37 ...",Completed (C)
"15TMP0454K, 15EHAZ454K, 15CVCP140K",20 Marcy Avenue,Brooklyn,20 Marcy Avenue,"Block: 2369, Lot:27 ...",Completed (C)
"15TMP0451K, 15EHAZ451K",535 4th Avenue,Brooklyn,535 4th Avenue,"Block: 1041, Lot:1",Completed (C)
"15TMP0437K, 15EHAZ437K, 15CVCP166K",432-438 Keap St.,Brooklyn,432 Keap Street,"Block: 2375, Lot:1 ...",Completed (C)
"15TMP0434K, 15EHAZ434K, 15CVCP125K",1326 Ocean Avenue,Brooklyn,1326 Ocean Avenue,"Block: 6703, Lot:55",Completed (C)
"15TMP0414K, 15EHAZ414K, 15CVCP163K",80-82 Ainslie St.,Brooklyn,80 Ainslie Street,"Block: 2375, Lot:12",Completed (C)
"15TMP0376K, 15EHAZ376K, 15CVCP115K",5111 4th Avenue,Brooklyn,5111 4th Avenue,"Block: 799, Lot:6",Completed (C)
"15TMP0369K, 15EHAZ369K, 15CVCP134K",1127 Flatbush Avenue,Brooklyn,1127 Flatbush Avenue,"Block: 5165, Lot:53 ...",Completed (C)
"15TMP0333K, 15EHAZ333K, 15CVCP101K",202 North 10th Street,Brooklyn,202 North 10th Street,"Block: 2306, Lot:9 ...",Completed (C)
"15TMP0292K, 15EHAZ292K, 16CVCP058K",430-434 Van Brunt Street,Brooklyn,434 Van Brunt Street,"Block: 603, Lot:23 ...",Completed (C)
"15TMP0276K, 15EHAZ276K, 15CVCP081K",108 Frost Street,Brooklyn,108 Frost Street,"Block: 2738, Lot:15",Completed (C)
"15TMP0194K, 15EHAZ194K, 15CVCP061K",9029 Flatlands Avenue,Brooklyn,9029 Flatlands Avenue,"Block: 8179, Lot:1",Completed (C)
"15TMP0181K, 15EHAZ181K, 15CVCP094K",77 Clay Street - DOB Job No. NB - 320626998,Brooklyn,77 Clay Street,"Block: 2483, Lot:62",Completed (C)
"15TMP0148K, 15EHAZ148K, 15CVCP071K",53 Grand Street - DOB Job No. NB-320914631,Brooklyn,53 Grand Street,"Block: 2378, Lot:35",Completed (C)
"15TMP0132K, 15EHAZ132K, 23TMP0212K (MERGED)",550 Vanderbilt Ave (Pacific Park B11),Brooklyn,540 Vanderbilt Avenue,"Block: 1129, Lot:39 ...",Completed (C)
"15TMP0098K, 15EHAZ098K, 15CVCP044K",26 West Street,Brooklyn,26 West Street,"Block: 2571, Lot:1",Completed (C)
"15TMP0073K, 15EHAZ073K, 22TMP0327K (MERGED)",134 Metropolitan Avenue,Brooklyn,134 Metropolitan Avenue,"Block: 2364, Lot:16",Completed (C)
"15TMP0069K, 15EHAZ069K, 15CVCP158K",88 Withers St.,Brooklyn,88 Withers Street,"Block: 2742, Lot:17",Completed (C)
"15TMP0064K, 15EHAZ064K, 15CVCP054K, 18TMP0969K (MERGED)",172-174 North 11th Street,Brooklyn,174 North 11th Street,"Block: 2298, Lot:13",Completed (C)
"15TMP0050K, 15EHAZ050K, 15CVCP028K",59-63 North 6th Street,Brooklyn,61 North 6th Street,"Block: 2325, Lot:28 ...",Completed (C)
"15TMP0021K, 15EHAZ021K, 18TMP1276K (MERGED)",94 North 3rd Street,Brooklyn,84 North 3rd Street,"Block: 2358, Lot:6 ...",Completed (C)
"15TMP0579K, 15EHAN579K, 16CVCP047K, 20TMP0538K (MERGED)",901 Myrtle Ave,Brooklyn,901 Myrtle Avenue,"Block: 1747, Lot:34",Completed (C)
"15TMP0480K, 15EHAN480K, 15CVCP129K",47 Walton Street,Brooklyn,47 WALTON STREET,"Block: 2245, Lot:60 ...",Completed (C)
"15TMP0418K, 15EHAN418K, 18CVCP001K",1104-1106 Bedford Avenue,Brooklyn,1104 Bedford Avenue,"Block: 1971, Lot:28 ...",Completed (C)
"15TMP0382K, 15EHAN382K, 15CVCP113K",771-781 Metropolitan Ave,Brooklyn,781 Metropolitan Avenue,"Block: 2760, Lot:28 ...",Completed (C)
"15TMP0375K, 15EHAN375K, 15CVCP132K",948 Myrtle Avenue,Brooklyn,948 Myrtle Avenue,"Block: 1756, Lot:33 ...",Completed (C)
"15TMP0346K, 15EHAN346K, 15CVCP145K",260 Lee Avenue,Brooklyn,260 Lee Avenue,"Block: 2263, Lot:46",Active (A)
"15TMP0343K, 15EHAN343K, 15CVCP084K","902-908 Flushing Avenue/115 Stanwix Street (Rheingold, Block 3139)",Brooklyn,115 Stanwix Street,"Block: 3139, Lot:21",Completed (C)
"15TMP0305K, 15EHAN305K, 15CVCP088K",843 Lexington Avenue,Brooklyn,843 Lexington Avenue,"Block: 1623, Lot:73",Completed (C)
"15TMP0179K, 15EHAN179K, 15CVCP073K",89-141 Melrose Street (Rheingold Block 3152 South),Brooklyn,123 MELROSE STREET,"Block: 3152, Lot:2 ...",Completed (C)
"15TMP0178K, 15EHAN178K, 15CVCP072K",36-70 Noll Street (Rheingold Block 3152 North),Brooklyn,54 NOLL STREET,"Block: 3152, Lot:1 ...",Completed (C)
"15TMP0140K, 15EHAN140K, 15CVCP029K",802-806 Myrtle Avenue,Brooklyn,806 Myrtle Avenue,"Block: 1754, Lot:33 ...",Completed (C)
"15TMP0119K, 15EHAN119K, 15CVCP036K",667 Myrtle Avenue,Brooklyn,667 Myrtle Avenue,"Block: 1900, Lot:70 ...",Completed (C)
"15TMP0077K, 15EHAN077K, 15CVCP068K",313 Wallabout Street,Brooklyn,313 Wallabout Street,"Block: 2250, Lot:36 ...",Completed (C)
"15TMP0003K, 15EHAN003K, 17CVCP030K, 20TMP0907K (MERGED), 20TMP0972K (MERGED), 22TMP1145K (MERGED)",575-581 4th Avenue,Brooklyn,581 4th Avenue,"Block: 1052, Lot:1 ...",Completed (C)
"15TMP0472K, 15EH-A472K",82-84 Oak Street,Brooklyn,84 Oak Street,"Block: 2571, Lot:18",Completed (C)
"15TMP0294K, 15EH-A294K, 15CVCP152K",417 Manhattan Avenue,Brooklyn,417 Manhattan Avenue,"Block: 2723, Lot:29",Completed (C)
"15TMP0275K, 15EH-A275K, 16CVCP008K",299-301 Wallabout Street,Brooklyn,299 WALLABOUT STREET,"Block: 2250, Lot:41 ...",Completed (C)
"15TMP0183K, 15EH-A183K, 15CVCP031K",153 Lorimer Street,Brooklyn,153 Lorimer Street,"Block: 2242, Lot:53",Completed (C)
"15TMP0150K, 15EH-A150K, 15CVCP085K",196 Middleton Street,Brooklyn,196 Middleton Street,"Block: 2242, Lot:22",Completed (C)
"15TMP0316K, 15EAIR316K",2128 Ocean Avenue,Brooklyn,2128 Ocean Avenue,"Block: 6782, Lot:28 ...",Completed (C)
"15TMP0592K, 15CVCP148K, 15CVCP148K",Henry Apartments - Site A - 1676 Broadway,Brooklyn,1676 Broadway,"Block: 1503, Lot:29 ...",Completed (C)
"15TMP0587K, 15CVCP120K, 15CVCP120K",Henry Apartments Site B - 8 Rockaway Avenue,Brooklyn,8 Rockaway Avenue,"Block: 1507, Lot:32 ...",Completed (C)
"15TMP0582K, 15CVCP118K, 15CVCP118K",81-111 Junius Street,Brooklyn,81 Junius Street,"Block: 3696, Lot:1 ...",Completed (C)
"14TMP0334K, 14RH-N334K, 15CVCP161K",1570 60th Street,Brooklyn,1570 60th Street,"Block: 5516, Lot:34 ...",Active (A)
"14TMP0204K, 14RH-N204K, 14CVCP242K",608-620 Franklin Avenue (Franklin Avenue Lofts - Dean Street Side),Brooklyn,608 Franklin Avenue,"Block: 1142, Lot:48 ...",Completed (C)
"14TMP0609K, 14RHAZ609K, 15CVCP017K",6002 Fort Hamilton Parkway,Brooklyn,6002 Fort Hamilton Parkway,"Block: 5715, Lot:7501 ...",Completed (C)
"14TMP0556K, 14RHAZ556K, 15CVCP157K",583 Franklin Avenue,Brooklyn,583 FRANKLIN AVENUE,"Block: 1199, Lot:3",Completed (C)
"14TMP0180K, 14RHAZ180K, 14CVCP221K",225-227 Boerum Street aka 83 Bushwick Place,Brooklyn,83 Bushwick Place,"Block: 3073, Lot:97",Completed (C)
"14TMP0531K, 14ENOS531K",199-201 Chauncey Street,Brooklyn,199 Chauncey Street,"Block: 1687, Lot:68 ...",Completed (C)
"14TMP0439K, 14ENOS439K, 22TMP0338K (MERGED)",764 Metropolitan Avenue,Brooklyn,764 Metropolitan Avenue,"Block: 2765, Lot:14",Completed (C)
"14TMP0413K, 14ENOS413K",724 Bedford Avenue,Brooklyn,724 Bedford Avenue,"Block: 2262, Lot:30",Active (A)
"14TMP0281K, 14ENOS281K",119 North 1st Street,Brooklyn,119 North 1st Street,"Block: 2365, Lot:37 ...",Completed (C)
"14TMP0231K, 14ENOS231K",1245 Fulton Street - DOB Job No. 320851306 & 320813768,Brooklyn,1245 Fulton Street,"Block: 1842, Lot:47",Completed (C)
"14TMP0547K, 14EH-N547K, 18TMP0551K (MERGED), 18TMP0889K (MERGED), 18TMP1433K (MERGED), 20TMP0063K (MERGED), 20TMP0249K (MERGED), 20TMP0726K (MERGED), 20TMP1080K (MERGED), 22TMP1157K (MERGED), 22TMP1231K (MERGED)",10 Jay Street,Brooklyn,10 Jay Street,"Block: 1, Lot:50",Completed (C)
"14TMP0527K, 14EH-N527K, 19TMP0929K (MERGED), 19TMP1611K (MERGED)",Greenpoint Landing G2,Brooklyn,21 COMMERCIAL STREET,"Block: 2472, Lot:100 ...",Completed (C)
"14TMP0510K, 14EH-N510K, 15CVCP050K",83 Grand Street,Brooklyn,83 Grand Street,"Block: 2379, Lot:44",Completed (C)
"14TMP0496K, 14EH-N496K, 15CVCP014K",86 Fleet Place,Brooklyn,86 Fleet Place,"Block: 2061, Lot:50 ...",Completed (C)
"14TMP0480K, 14EH-N480K, 15CVCP151K, 20TMP0825K (MERGED)",840 Fulton Street,Brooklyn,840 Fulton Street,"Block: 2010, Lot:25",Completed (C)
"14TMP0393K, 14EH-N393K, 13CVCP149K",1875 Atlantic Avenue,Brooklyn,1875 Atlantic Avenue,"Block: 1713, Lot:7",Completed (C)
"14TMP0356K, 14EH-N356K, 14CVCP236K",170-174 West Street,Brooklyn,174 West Street,"Block: 2521, Lot:5 ...",Completed (C)
"14TMP0345K, 14EH-N345K, 14CVCP216K, 19TMP0303K (MERGED)",1007 Atlantic Avenue,Brooklyn,1007 Atlantic Avenue,"Block: 2019, Lot:55",Completed (C)
"14TMP0325K, 14EH-N325K, 14CVCP210K, 20TMP0263M (MERGED)",113 Flatbush Avenue,Brooklyn,113 Flatbush Avenue,"Block: 2110, Lot:3 ...",Completed (C)
"14TMP0266K, 14EH-N266K, 23TMP0253K (MERGED), 23TMP0460K (MERGED)",1413 Fulton Street,Brooklyn,1413 Fulton Street,"Block: 1854, Lot:52",Completed (C)
"14TMP0227K, 14EH-N227K, 14CVCP217K",670-678 Pacific Street - DOB Job No. NB- 320900566,Brooklyn,607 Pacific Street,"Block: 1128, Lot:9 ...",Completed (C)
"14TMP0226K, 14EH-N226K, 14CVCP227K, 19TMP1581K (MERGED)",882 Fulton Street (502-506 Waverly),Brooklyn,882 Fulton Street,"Block: 2011, Lot:30",Completed (C)
"14TMP0161K, 14EH-N161K, 14CVCP215K, 20TMP1306K (MERGED), 21TMP0101K (MERGED), 21TMP0129K (MERGED), 21TMP0145K (MERGED), 21TMP0314K (MERGED)",180 Myrtle Avenue,Brooklyn,180 Myrtle Avenue,"Block: 2061, Lot:1 ...",Completed (C)
"14TMP0112K, 14EH-N112K",583 Lorimer Street,Brooklyn,583 Lorimer Street,"Block: 2756, Lot:25",Completed (C)
"14TMP0031K, 14EH-N031K, 14CVCP177K",72 Box Street,Brooklyn,72 Box Street,"Block: 2483, Lot:25",Completed (C)
"14TMP0009K, 14EH-N009K",555 Grand Street,Brooklyn,555 Grand Street,"Block: 2779, Lot:31",Completed (C)
"14TMP0007K, 14EH-N007K, 14CVCP205K",596 Washington Avenue,Brooklyn,596 Washington Avenue,"Block: 2012, Lot:62 ...",Completed (C)
"14TMP0610K, 14EHAZ610K",221 North 9th Street,Brooklyn,221 North 9th Street,"Block: 2306, Lot:27",Completed (C)
"14TMP0599K, 14EHAZ599K, 15CVCP039K",120 Kings Highway,Brooklyn,120 Kings Highway,"Block: 6253, Lot:28 ...",Completed (C)
"14TMP0566K, 14EHAZ566K, 15CVCP013K",96 North 1st Street,Brooklyn,96 North 1st Street,"Block: 2379, Lot:13",Active (A)
"14TMP0405K, 14EHAZ405K, 14CVCP256K",4907-4709 4th Avenue,Brooklyn,4907 4th Avenue,"Block: 783, Lot:6",Completed (C)
"14TMP0391K, 14EHAZ391K, 15CVCP139K",69 Hope Street,Brooklyn,69 Hope Street,"Block: 2369, Lot:37",Active (A)
"14TMP0369K, 14EHAZ369K, 14CVCP228K",635 4th Avenue,Brooklyn,635 4th Avenue,"Block: 634, Lot:1",Completed (C)
"14TMP0352K, 14EHAZ352K, 16CVCP007K",56 Frost Street,Brooklyn,56 Frost Street,"Block: 2737, Lot:10",Completed (C)
"14TMP0332K, 14EHAZ332K, 15CVCP024K",171-173 Bayard Street,Brooklyn,173 Bayard Street,"Block: 2720, Lot:43 ...",Completed (C)
"14TMP0319K, 14EHAZ319K, 15CVCP108K",4202 18th Avenue,Brooklyn,4202 18th Avenue,"Block: 5409, Lot:30",Completed (C)
"14TMP0314K, 14EHAZ314K, 14CVCP231K, 18TMP1239K (MERGED)",235-237 Kent Avenue,Brooklyn,235 Kent Avenue,"Block: 2378, Lot:1 ...",Completed (C)
"14TMP0312K, 14EHAZ312K, 14CVCP237K",51-59 South 4th Street,Brooklyn,51 South 4th Street,"Block: 2428, Lot:28 ...",Completed (C)
"14TMP0261K, 14EHAZ261K, 15CVCP083K",406 - 408 Manhattan Avenue,Brooklyn,408 Manhattan Avenue,"Block: 2734, Lot:4 ...",Completed (C)
"14TMP0256K, 14EHAZ256K, 14CVCP218K",434 Manhattan Ave,Brooklyn,434 Manhattan Avenue,"Block: 2724, Lot:7",Completed (C)
"14TMP0191K, 14EHAZ191K, 23TMP0250K (MERGED)",NuHart West - Registry Site,Brooklyn,49 Dupont Street,"Block: 2487, Lot:1 ...",Active (A)
"14TMP0145K, 14EHAZ145K, 14CVCP174K",79 Clay Street,Brooklyn,79 Clay Street,"Block: 2483, Lot:61 ...",Completed (C)
"14TMP0096K, 14EHAZ096K, 19TMP1431K (MERGED)",364 Bedford Avenue,Brooklyn,364 Bedford Avenue,"Block: 2443, Lot:23",Completed (C)
"14TMP0095K, 14EHAZ095K, 15CVCP008K",207 North 8th Street,Brooklyn,207 North 8th Street,"Block: 2313, Lot:27",Active (A)
"14TMP0054K, 14EHAZ054K, 14CVCP240K, 22TMP1527K (MERGED)",275 4th Avenue,Brooklyn,275 4th Avenue,"Block: 964, Lot:1 ...",Completed (C)
"14TMP0052K, 14EHAZ052K, 14CVCP188K",56 Box Street - DOB Job No. 320842237,Brooklyn,56 Box Street,"Block: 2483, Lot:17",Completed (C)
"14TMP0584K, 14EHAN584K, 15CVCP003K",Domino Sugar Site B,Brooklyn,280 Kent Avenue,"Block: 2414, Lot:1",Active (A)
"14TMP0582K, 14EHAN582K, 14CVCP260K",818 Lexington Avenue,Brooklyn,818 Lexington Avenue,"Block: 1628, Lot:21",Completed (C)
"14TMP0562K, 14EHAN562K, 18TMP1473K (MERGED)",835 Myrtle Avenue,Brooklyn,835 Myrtle Avenue,"Block: 1747, Lot:1 ...",Active (A)
"14TMP0508K, 14EHAN508K, 15CVCP012K",45 Walton Street,Brooklyn,45 Walton Street,"Block: 2245, Lot:62",Active (A)
"14TMP0507K, 14EHAN507K, 15CVCP102K",1060 Bedford Avenue,Brooklyn,1060 Bedford Avenue,"Block: 1954, Lot:22 ...",Completed (C)
"14TMP0422K, 14EHAN422K, 15CVCP048K",535 Flushing Ave.,Brooklyn,535 Flushing Avenue,"Block: 2263, Lot:52",Completed (C)
"14TMP0401K, 14EHAN401K, 15CVCP002K, 19TMP1564K (MERGED), 19RHAN351K (MERGED), 20TMP0090K (MERGED), 20TMP0281K (MERGED), 20TMP0319K (MERGED), 20TMP0320K (MERGED), 20TMP0492K (MERGED), 20TMP0828K (MERGED), 20TMP0840K (MERGED), 20TMP1090K (MERGED), 21TMP0582K (MERGED), 22TMP0356K (MERGED), 22TMP0358K (MERGED), 22TMP0429K (MERGED), 22TMP0988K (MERGED)",Domino Sugar Site A,Brooklyn,254 Kent Avenue,"Block: 2414, Lot:1 ...",Active (A)
"14TMP0394K, 14EHAN394K, 14CVCP193K",BASIS Independent School - 556 Columbia Street,Brooklyn,556 Columbia Street,"Block: 601, Lot:17",Completed (C)
"14TMP0365K, 14EHAN365K, 14CVCP225K, 21TMP1552K (MERGED)",1-37 Forrest Street,Brooklyn,37 Forrest Street,"Block: 3141, Lot:1 ...",Completed (C)
"14TMP0357K, 14EHAN357K, 14CVCP181K, 23TMP0125K (MERGED)",200 Water Street,Brooklyn,200 Water Street,"Block: 41, Lot:13 ...",Completed (C)
"14TMP0196K, 14EHAN196K",1090 Myrtle Avenue,Brooklyn,1090 Myrtle Avenue,"Block: 1586, Lot:8 ...",Completed (C)
"14TMP0166K, 14EHAN166K",407 Marcy Avenue,Brooklyn,407 Marcy Avenue,"Block: 2245, Lot:8 ...",Completed (C)
"14TMP0153K, 14EHAN153K, 18CVCP024K",687 Flushing Ave,Brooklyn,687 Flushing Avenue,"Block: 2274, Lot:24 ...",Active (A)
"14TMP0048K, 14EHAN048K",1066-1070 Myrtle Avenue,Brooklyn,1066 Myrtle Avenue,"Block: 1585, Lot:31 ...",Completed (C)
"14TMP0046K, 14EHAN046K, 14CVCP190K, 19TMP2009K (MERGED), 22TMP1684K (MERGED)",213 Maujer Street and 774-780 Grand Street,Brooklyn,213 Maujer Street,"Block: 2790, Lot:5 ...",Completed (C)
"14TMP0030K, 14EHAN030K, 14CVCP180K",177 Front Street,Brooklyn,177 Front Street,"Block: 41, Lot:42 ...",Completed (C)
"14TMP0462K, 14EH-A462K, 15CVCP058K",120 Union Avenue,Brooklyn,120 Union Avenue,"Block: 2238, Lot:49",Completed (C)
"14TMP0233K, 14EH-A233K, 14CVCP212K",116 Walton Street,Brooklyn,116 Walton Street,"Block: 2250, Lot:25",Completed (C)
"14TMP0132K, 14EH-A132K, 14CVCP184K",151 Lorimer Street - DOB Job No. 320965354,Brooklyn,151 Lorimer Street,"Block: 2242, Lot:54 ...",Completed (C)
"14TMP0619K, 14CVCP244K, 14CVCP244K",Bush Terminal,Brooklyn,5102 1ST AVENUE,"Block: 725, Lot:1",Active (A)
"13TMP0335K, 13ENOS335K, 22TMP1698K (MERGED)","100-104 Willoughby Street ""Avalon"" - DOB Job No. NB - 320040629",Brooklyn,100 Willoughby Street,"Block: 145, Lot:22 ...",Completed (C)
"13TMP0565K, 13EH-N562K, 18TMP0684K (MERGED), 18TMP0940K (MERGED), 18TMP0976K (MERGED), 19TMP0584K (MERGED), 19TMP1625K (MERGED), 19TMP1799K (MERGED), 19TMP1822K (MERGED), 20TMP0341K (MERGED), 20TMP0344K (MERGED), 20TMP1458K (MERGED), 20TMP1460K (MERGED), 20TMP1461K (MERGED), 21TMP1097K (MERGED), 21TMP1306K (MERGED), 22TMP0272K (MERGED), 22TMP0994K (MERGED), 22TMP1206K (MERGED), 22TMP1483K (MERGED), 22TMP1484K (MERGED)",300 Jay Street,Brooklyn,300 Jay Street,"Block: 128, Lot:1",Active (A)
"13TMP0483K, 13EH-N483K, 16CVCP014K, 23TMP0273K (MERGED), 23TMP0319K (MERGED)",1146 Fulton Street,Brooklyn,1146 Fulton Street,"Block: 2017, Lot:8",Completed (C)
"13TMP0393K, 13EH-N393K, 14CVCP192K, 19TMP1098K (MERGED), 19TMP1597K (MERGED)","1328 Fulton Street ""Fulton South""",Brooklyn,1328 Fulton Street,"Block: 1861, Lot:119",Completed (C)
"13TMP0380K, 13EH-N380K, 14CVCP157K, 20TMP0971K (MERGED)",1035 Fulton Street,Brooklyn,1035 Fulton Street,"Block: 1992, Lot:12 ...",Completed (C)
"13TMP0190K, 13EH-N190K, 13CVCP098K",45 India Street,Brooklyn,45 India Street,"Block: 2531, Lot:35",Completed (C)
"13TMP0086K, 13EH-N086K, 15CVCP033K",531 Waverly Avenue,Brooklyn,531 Waverly Avenue,"Block: 2012, Lot:1 ...",Completed (C)
"13TMP0079K, 13EH-N079K, 14CVCP167K",1225 Atlantic Avenue,Brooklyn,1225 Atlantic Avenue,"Block: 1866, Lot:23 ...",Completed (C)
"13TMP0070K, 13EH-N070K, 13CVCP113K",186 Greenpoint Avenue,Brooklyn,186 Greenpoint Avenue,"Block: 2575, Lot:5",Completed (C)
"13TMP0508K, 13EHAZ508K, 15CVCP164K, 21TMP1309K (MERGED), 22TMP0608K (MERGED)",2633 Ocean Avenue,Brooklyn,2633 Ocean Avenue,"Block: 7381, Lot:1 ...",Completed (C)
"13TMP0480K, 13EHAZ480K",40 North 4th Street,Brooklyn,40 North 4th Street,"Block: 2349, Lot:15",Completed (C)
"13TMP0473K, 13EHAZ473K",29 Milford Street,Brooklyn,29 Milford Street,"Block: 4153, Lot:25",Completed (C)
"13TMP0454K, 13EHAZ454K, 14CVCP224K",566 Carroll Street,Brooklyn,566 Carroll Street,"Block: 961, Lot:7",Completed (C)
"13TMP0445K, 13EHAZ445K, 14CVCP214K, 20TMP1408K (MERGED), 22TMP1685K (MERGED)",28 - 46 Roebling Street,Brooklyn,28 Roebling Street,"Block: 2306, Lot:18 ...",Completed (C)
"13TMP0443K, 13EHAZ443K, 14CVCP185K",767 Bergen Street - DOB Job No. 320576658 & 320576649,Brooklyn,767 Bergen Street,"Block: 1140, Lot:48 ...",Completed (C)
"13TMP0440K, 13EHAZ440K, 14CVCP172K",137 Bayard Street,Brooklyn,137 Bayard Street,"Block: 2719, Lot:32",Completed (C)
"13TMP0370K, 13EHAZ370K, 13CVCP146K",125 Borinquen Place,Brooklyn,125 Borinquen Place,"Block: 2411, Lot:1 ...",Completed (C)
"13TMP0361K, 13EHAZ361K, 13CVCP139K",62 Box Street,Brooklyn,62 Box Street,"Block: 2483, Lot:20",Completed (C)
"13TMP0357K, 13EHAZ357K, 14CVCP165K","219-223 North 8th Street (230 North 9th Street) - DOB Job No. NB - 320576989, 320577247 and 340125616",Brooklyn,230 North 9th Street,"Block: 2313, Lot:11 ...",Completed (C)
"13TMP0273K, 13EHAZ273K, 13CVCP118K",291 Metropolitan Avenue - DOB Job No. NB - 320545362,Brooklyn,291 Metropolitan Avenue,"Block: 2353, Lot:13",Completed (C)
"13TMP0214K, 13EHAZ214K, 13CVCP097K","823 Bedford Avenue - ""Satmar Meat""",Brooklyn,823 Bedford Avenue,"Block: 1734, Lot:59",Completed (C)
"13TMP0197K, 13EHAZ197K, 13CVCP144K",498 Leonard Street,Brooklyn,498 Leonard Street,"Block: 2698, Lot:11 ...",Completed (C)
"13TMP0188K, 13EHAZ188K, 13CVCP133K",79-97 4th Avenue,Brooklyn,85 4th Avenue,"Block: 934, Lot:5 ...",Active (A)
"13TMP0072K, 13EHAZ072K, 14CVCP159K",245-247 Driggs Avenue,Brooklyn,247 Driggs Avenue,"Block: 2699, Lot:15 ...",Completed (C)
"13TMP0006K, 13EHAZ006K, 13CVCP081K",538 Union Avenue,Brooklyn,538 Union Avenue,"Block: 2741, Lot:7 ...",Completed (C)
"13TMP0505K, 13EHAN505K, 13CVCP153K",661 Flushing Avenue,Brooklyn,661 Flushing Avenue,"Block: 2272, Lot:54",Completed (C)
"13TMP0469K, 13EHAN469K, 13CVCP150K",376-382 Wallabout Street,Brooklyn,376 Wallabout Street,"Block: 2266, Lot:14 ...",Completed (C)
"13TMP0468K, 13EHAN468K, 13CVCP154K, 19TMP2104K (MERGED), 20TMP0178K (MERGED), 20TMP0317K (MERGED), 20TMP0421K (MERGED), 20TMP0906K (MERGED), 20TMP1062K (MERGED)",101 West Street,Brooklyn,101 West Street,"Block: 2556, Lot:58 ...",Completed (C)
"13TMP0452K, 13EHAN452K, 13CVCP156K",1044 Bedford Avenue,Brooklyn,1044 Bedford Avenue,"Block: 1950, Lot:33",Completed (C)
"13TMP0439K, 13EHAN439K, 13CVCP147K",82 Throop Avenue - DOB Job No. NB - 320761733,Brooklyn,82 Throop Avenue,"Block: 2266, Lot:34 ...",Completed (C)
"13TMP0379K, 13EHAN379K, 14CVCP253K",874 Willoughby Ave,Brooklyn,874 Willoughby Avenue,"Block: 1593, Lot:23",Active (A)
"13TMP0239K, 13EHAN239K, 13CVCP108K",588 Myrtle Avenue - DOB Job No. NB - 320508688,Brooklyn,588 Myrtle Avenue,"Block: 1910, Lot:23 ...",Completed (C)
"13TMP0073K, 13EHAN073K, 13CVCP095K",78-80 Throop Avenue,Brooklyn,78 Throop Avenue,"Block: 2266, Lot:32 ...",Completed (C)
"13TMP0491K, 13EH-A491K, 14CVCP252K",415 Manhattan Avenue,Brooklyn,415 Manhattan Avenue,"Block: 2723, Lot:30",Completed (C)
"13TMP0401K, 13EH-A401K, 14CVCP164K",1345-1357 Rogers Avenue,Brooklyn,1345 Rogers Avenue,"Block: 5229, Lot:15 ...",Completed (C)
"13TMP0526K, 13EH-A243K, 13CVCP116K, 21TMP1144K (MERGED)",683-691 Marcy Ave. (aka 168 Kosciusko St),Brooklyn,683 Marcy Avenue,"Block: 1785, Lot:1 ...",Completed (C)
"13TMP0569K, 13CVCP135K, 13CVCP135K",Dean Street - Habitat for Humanity,Brooklyn,2396 Dean Street,"Block: 1450, Lot:8 ...",Active (A)
"13TMP0566K, 13CVCP072K, 13CVCP072K",345 State Street,Brooklyn,345 State Street,"Block: 171, Lot:101 ...",Completed (C)
"12TMP0128K, 12RHAZ128K, 18TMP0567K (MERGED), 19TMP1973K (MERGED), 20TMP0595K (MERGED)",1752 Shore Parkway,Brooklyn,1752 Shore Parkway,"Block: 6491, Lot:207 ...",Completed (C)
"12TMP0539K, 12EH-N539K, 13CVCP094K, 18TMP0616K (MERGED), 23TMP0380K (MERGED)",81 Fleet Place,Brooklyn,81 Fleet Place,"Block: 2061, Lot:110 ...",Completed (C)
"12TMP0528K, 12EH-N528K, 13CVCP076K",172 Nassau Street - DOB Job No. NB - 301914739,Brooklyn,172 Nassau Street,"Block: 108, Lot:12 ...",Completed (C)
"12TMP0299K, 12EH-N299K, 14CVCP198K",89 Grand Street DOB Job No. NB-320917521,Brooklyn,89 GRAND STREET,"Block: 2379, Lot:42 ...",Completed (C)
"12TMP0278K, 12EH-N278K, 13CVCP071K",650 Metropolitan Avenue,Brooklyn,650 Metropolitan Avenue,"Block: 2763, Lot:11",Completed (C)
"12TMP0120K, 12EH-N120K, 12CBCP029K",112 Emerson Place - DOB Job No. NB-320389334,Brooklyn,112 Emerson Place,"Block: 1894, Lot:54 ...",Completed (C)
"12TMP0563K, 12EHAZ563K, 12CVCP069K",249 North 7th Street & 248 North 8th Street - DOB Job Nos. NB - 302067484 & NB - 302061621,Brooklyn,249 North 7th Street,"Block: 2322, Lot:10 ...",Completed (C)
"12TMP0527K, 12EHAZ527K, 13CVCP078K","243 Meeker Avenue - DOB Job Nos. NB-320587691, NB-320544513 & NB-320544407",Brooklyn,243 Meeker Avenue,"Block: 2741, Lot:19 ...",Completed (C)
"12TMP0512K, 12EHAZ512K, 17CVCP005K, 21TMP1119K (MERGED)",288 North 8th Street,Brooklyn,288 North 8th Street,"Block: 2323, Lot:9 ...",Completed (C)
"12TMP0452K, 12EHAZ452K, 13CVCP092K",10504 Flatlands Avenue,Brooklyn,10504 Flatlands Avenue,"Block: 8213, Lot:37 ...",Completed (C)
"12TMP0451K, 12EHAZ451K, 13CVCP101K",66 North 8th Street,Brooklyn,66 North 8th Street,"Block: 2317, Lot:13",Active (A)
"12TMP0445K, 12EHAZ445K, 13CVCP086K",235-247 & 253-263 North 9th Street,Brooklyn,235 North 9th Street,"Block: 2307, Lot:27 ...",Completed (C)
"12TMP0444K, 12EHAZ444K, 12CVCP053K",25 Hope Street,Brooklyn,25 Hope Street,"Block: 2368, Lot:34",Completed (C)
"12TMP0421K, 12EHAZ421K, 13CVCP122K",212-218 North 9th Street,Brooklyn,212 North 9th Street,"Block: 2313, Lot:5 ...",Completed (C)
"12TMP0392K, 12EHAZ392K",95 Bedford Avenue,Brooklyn,95 Bedford Avenue,"Block: 2291, Lot:1",Completed (C)
"12TMP0363K, 12EHAZ363K, 16TEMP041K",502 Metropolitan Avenue,Brooklyn,502 METROPOLITAN AVE,"Block: 2371, Lot:3 ...",Completed (C)
"12TMP0318K, 12EHAZ318K, 13CVCP112K",131 Berry Street,Brooklyn,131 Berry Street,"Block: 2327, Lot:5",Completed (C)
"12TMP0315K, 12EHAZ315K",169-171 North 10th Street,Brooklyn,171 North 10th Street,"Block: 2298, Lot:29",Completed (C)
"12TMP0265K, 12EHAZ265K","205 North 9th Street ""Bldgs. A, B & C"" - DOB Job No. 310019878",Brooklyn,205 North 9th Street,"Block: 2306, Lot:1",Completed (C)
"12TMP0164K, 12EHAZ164K, 19TMP2128K (MERGED)",50 North 1st Street,Brooklyn,50 North 1st Street,"Block: 2378, Lot:11",Completed (C)
"12TMP0156K, 12EHAZ156K, 12CVCP057K",821 Bedford Avenue,Brooklyn,821 Bedford Avenue,"Block: 1734, Lot:60 ...",Completed (C)
"12TMP0145K, 12EHAZ145K, 12CVCP051K",263 Bedford Avenue - DOB Job No. NB-320321219,Brooklyn,263 Bedford Avenue,"Block: 2366, Lot:1",Completed (C)
"12TMP0131K, 12EHAZ131K",683 4th Avenue,Brooklyn,683 4th Avenue,"Block: 643, Lot:5",Completed (C)
"12TMP0127K, 12EHAZ127K, 21TMP1062K (MERGED)",50 North 5th Street,Brooklyn,50 North 5th Street,"Block: 2341, Lot:9",Completed (C)
"12TMP0111K, 12EHAZ111K, 12CBCP030K",242 Wallabout Street - DOB Job No. NB-301813278,Brooklyn,242 Wallabout Street,"Block: 2264, Lot:7 ...",Completed (C)
"12TMP0050K, 12EHAZ050K, 12CBCP024K",210 North 12th Street - DOB Job No. NB-302384373,Brooklyn,210 North 12th Street,"Block: 2291, Lot:17",Completed (C)
"12TMP0031K, 12EHAZ031K, 12CBCP035K",250 North 10th Street - DOB Job No. NB-302320343,Brooklyn,250 North 10th Street,"Block: 2307, Lot:1 ...",Completed (C)
"12TMP0012K, 12EHAZ012K, 19TMP0085K (MERGED)",103-117 Kent Avenue,Brooklyn,103 Kent Avenue,"Block: 2317, Lot:1 ...",Completed (C)
"12TMP0442K, 12EHAN442K, 12CVCP056K",390 Wallabout Street,Brooklyn,390 Wallabout Street,"Block: 2266, Lot:21 ...",Completed (C)
"12TMP0441K, 12EHAN441K, 12CVCP055K",72 Throop Avenue,Brooklyn,72 Throop Avenue,"Block: 2266, Lot:27 ...",Completed (C)
"12TMP0364K, 12EHAN364K",316-318 Bergen Street,Brooklyn,316 Bergen Street,"Block: 389, Lot:5 ...",Completed (C)
"12TMP0280K, 12EHAN280K, 13CVCP087K","527 Flushing Avenue ""New Bldg.""",Brooklyn,527 Flushing Avenue,"Block: 2263, Lot:56 ...",Completed (C)
"12TMP0058K, 12EHAN058K, 12CBCP025K",386-388 Wallabout Street,Brooklyn,386 Wallabout Street,"Block: 2266, Lot:19 ...",Active (A)
"12TMP0497K, 12EH-A497K, 13CVCP093K","60 Water Street ""Two Trees""",Brooklyn,60 Water Street,"Block: 36, Lot:1 ...",Completed (C)
"12TMP0484K, 12EH-A484K, 13CVCP074K",16 Bartlett Street,Brooklyn,16 BARTLETT STREET,"Block: 2272, Lot:4 ...",Completed (C)
"12TMP0399K, 12EH-A399K, 12CVCP048K",1309-1321 38th Street,Brooklyn,1321 38th Street,"Block: 5300, Lot:70 ...",Completed (C)
"12TMP0271K, 12EH-A271K, 12CVCP067K",1465 Rockaway Parkway,Brooklyn,1465 Rockaway Parkway,"Block: 8185, Lot:24",Completed (C)
"12TMP0071K, 12EH-A071K, 11CBCP014K",24 Hillel Place - NYCBCP - DOB Job No. NB - 320247416,Brooklyn,24 Hillel Place,"Block: 7557, Lot:120 ...",Completed (C)
"12TMP0570K, 12CVCP054K, 12CVCP054K",107 Union Street,Brooklyn,107 Union Street,"Block: 335, Lot:42",Completed (C)
"12TMP0567K, 12CBCP018K, 12CBCP018K",Brighton Green,Brooklyn,67 Brighton 1st Lane,"Block: 8670, Lot:80",Completed (C)
"11TMP0069K, 11RHAN069K, 13CVCP152K, 23OTHER001K",29-35 Carroll Street (a.k.a 33 Carroll Street),Brooklyn,29 Carroll Street,"Block: 347, Lot:50 ...",Completed (C)
"11TMP0358K, 11EH-N358K, 13CVCP110K, 22TMP1537K (MERGED)",504 Myrtle Avenue,Brooklyn,504 Myrtle Avenue,"Block: 1905, Lot:30 ...",Completed (C)
"11TMP0272K, 11EH-N272K, 13CVCP070K","876 Livonia Avenue ""New 2-Story Commerical Bldg."" - DOB Job No. NB - 320232930",Brooklyn,876 Livonia Avenue,"Block: 4092, Lot:3",Active (A)
"11TMP0207K, 11EH-N207K, 12CVCP045K",1426-1438 Fulton Street AKA 293-297 Herkimer Street,Brooklyn,1426 Fulton Street,"Block: 1863, Lot:9 ...",Completed (C)
"11TMP0167K, 11EH-N167K",85 Flatbush Avenue Extension,Brooklyn,85 Flatbush Avenue Extension,"Block: 120, Lot:45 ...",Completed (C)
"11TMP0012K, 11EH-N012K, 13CVCP109K",490 Myrtle Avenue,Brooklyn,484 Myrtle Avenue,"Block: 1905, Lot:19 ...",Completed (C)
"11TMP0329K, 11EHAZ329K, 12CBCP039K",544 Union Avenue,Brooklyn,544 Union Avenue,"Block: 2736, Lot:1 ...",Completed (C)
"11TMP0316K, 11EHAZ316K, 14CVCP246K",505 Union Avenue,Brooklyn,505 Union Avenue,"Block: 2315, Lot:21",Completed (C)
"11TMP0309K, 11EHAZ309K, 11CBCP013K",105 Metropolitan Avenue - DOB Job No. NB - 320213452,Brooklyn,105 Metropolitan Avenue,"Block: 2358, Lot:36",Completed (C)
"11TMP0288K, 11EHAZ288K",224 Wythe Avenue - DOB Job No. NB-310044546,Brooklyn,224 Wythe Avenue,"Block: 2349, Lot:18",Completed (C)
"11TMP0227K, 11EHAZ227K, 11CBCP012K",2244 Church Avenue - BCP 11CBCP012K,Brooklyn,2244 Church Avenue,"Block: 5103, Lot:42",Completed (C)
"11TMP0206K, 11EHAZ206K, 12CBCP021K, 21TMP0903K (MERGED), 21TMP1145K (MERGED), 21TMP1420K (MERGED)","470 Driggs Ave. ""Conversion""",Brooklyn,470 Driggs Avenue,"Block: 2298, Lot:21",Completed (C)
"11TMP0163K, 11EHAZ163K",160-162 North 12th Street,Brooklyn,160 North 12th Street,"Block: 2290, Lot:5 ...",Completed (C)
"11TMP0145K, 11EHAZ145K, 20TMP1186K (MERGED)",53-65 Hope Street,Brooklyn,53 Hope Street,"Block: 2369, Lot:38 ...",Completed (C)
"11TMP0062K, 11EHAZ062K, 11CBCP008K",456 Grand Street,Brooklyn,456 Grand Street,"Block: 2399, Lot:1",Completed (C)
"11TMP0032K, 11EHAZ032K",173 Kent Avenue,Brooklyn,173 Kent Avenue,"Block: 2349, Lot:1",Completed (C)
"11TMP0291K, 11EH-A291K, 11CBCP015K",2166 Nostrand Avenue - NYCBCP - DOB Job No. NB - 320243544,Brooklyn,2166 Nostrand Avenue,"Block: 7557, Lot:124",Completed (C)
"10TMP0067K, 10EH-N067K, 19TMP1982K (MERGED)",343 Gold Street - Avalon Fort Greene,Brooklyn,343 Gold Street,"Block: 2049, Lot:1 ...",Completed (C)
"10TMP0052K, 10EH-N052K, 23TMP0037K (MERGED)",885 Grand Street,Brooklyn,885 Grand Street,"Block: 2922, Lot:34",Completed (C)
"10TMP0050K, 10EH-N050K, 13CVCP088K, 21TMP0538K (MERGED)",285 Jay Street,Brooklyn,285 Jay Street,"Block: 131, Lot:1",Completed (C)
"10TMP0025K, 10EH-N025K",886 Dahill Road,Brooklyn,886 Dahill Road,"Block: 5457, Lot:5 ...",Completed (C)
"10TMP0087K, 10EHAZ087K",572-576 5th Avenue,Brooklyn,572 5th Avenue,"Block: 1052, Lot:44 ...",Completed (C)
"10TMP0123K, 10EH-A123K",51 Jay Street - Conversion DOB Job No. 320118788,Brooklyn,51 Jay Street,"Block: 31, Lot:1",Completed (C)
"13TMP0318K, 13EHAZ318K, 13CVCP128K",501 Leonard Street,Brooklyn,501 Leonard Street,"Block: 2697, Lot:7 ...",Active (A)
"12TMP0390K, 12EH-N390K",333 Schermerhorn Street,Brooklyn,333 Schermerhorn Street,"Block: 167, Lot:13",Completed (C)
"12TMP0200K, 12EHAZ200K, 15CVCP095K",387 Manhattan Avenue,Brooklyn,387 Manhattan Avenue,"Block: 2738, Lot:21",Completed (C)
"09TMP0197K, 09EH-N197K",SCA - 942 62nd Street - DOB Job No. NB-302136203,Brooklyn,942 62nd Street,"Block: 5729, Lot:24",Completed (C)
"09TMP0192K, 09EHAZ192K",460 Grand Street,Brooklyn,460 Grand Street,"Block: 2399, Lot:8",Completed (C)
"22TMP1733K, 22EH-N402K",3051 ATLANTIC AVENUE,Brooklyn,3051 ATLANTIC AVENUE,"Block: 3957, Lot:53",Active (A)
"22TMP1727K, 22EHAZ403K",833 4TH AVENUE,Brooklyn,833 4th Avenue,"Block: 673, Lot:1",Active (A)
"22TMP1654K, 22EH-N383K",528 GRAND STREET,Brooklyn,528 GRAND STREET,"Block: 2785, Lot:14 ...",Active (A)
"22TMP1618K, 22EHAZ369K, 23CVCP007K",97 North 6th Street,Brooklyn,97 NORTH 6TH STREET,"Block: 2326, Lot:34",Active (A)
"22TMP1597K, 22EH-A363K",558 Sackett Street,Brooklyn,558 SACKETT STREET,"Block: 433, Lot:14",Active (A)
"22TMP1596K, 22EHAN358K",224 3rd Avenue,Brooklyn,224 3RD AVENUE,"Block: 426, Lot:36",Active (A)
"22TMP1565K, 22EHAN347K",178 SOMERS STREET,Brooklyn,178 SOMERS STREET,"Block: 1544, Lot:21",Active (A)
"22TMP1544K, 22EH-N345K",167 4th Avenue,Brooklyn,167 4TH AVENUE,"Block: 946, Lot:1",Active (A)
"22TMP1378K, 22EH-N319K",517-523 NOSTRAND AVENUE,Brooklyn,517-523 NOSTRAND AVENUE,"Block: 1867, Lot:15 ...",Active (A)
"22TMP1353K, 22EHAN317K, 22CVCP079K",2667 Fulton Street,Brooklyn,2667 FULTON STREET,"Block: 3661, Lot:1",Active (A)
"13TMP0490K, 13EHAZ490K",385 4th Avenue - DOB Job No. NB - 310020456,Brooklyn,385 4th Avenue,"Block: 993, Lot:6",Completed (C)
"22TMP1278K, 22EHAN390K",1034-1042 ATLANTIC AVENUE,Brooklyn,1034-1042 ATLANTIC AVENUE,"Block: 1125, Lot:29 ...",Active (A)
"22TMP1225K, 22EH-N284K",15 WEST STREET (Tower D2),Brooklyn,15 WEST STREET,"Block: 2570, Lot:10 ...",Active (A)
"22TMP1095K, 22EHAN258K, 22CVCP085K",60 Throop Avenue,Brooklyn,60 THROOP AVENUE,"Block: 2250, Lot:129",Active (A)
"22TMP1063K, 22EHAZ253K, 22CVCP071K",511 Meeker Avenue,Brooklyn,511 MEEKER AVENUE,"Block: 2727, Lot:47",Active (A)
"22TMP0990K, 22EHAN220K",225 3rd Street,Brooklyn,225 3RD STREET,"Block: 972, Lot:43 ...",Active (A)
"22TMP0968K, 22EHAZ228K",19 ROCKWELL PLACE,Brooklyn,19 ROCKWELL PLACE,"Block: 2095, Lot:10",Active (A)
"22TMP0917K, 22EHAZ218K",524 Baltic Street,Brooklyn,524 BALTIC STREET,"Block: 406, Lot:18",Active (A)
"22TMP0914K, 22EHAN222K, 22TMP1133K (MERGED), 22CVCP084K",840-856 Atlantic Avenue,Brooklyn,840 ATLANTIC AVENUE,"Block: 1122, Lot:71 ...",Active (A)
"22TMP0849K, 22EHAN187K",141 3rd Street,Brooklyn,141 3RD STREET,"Block: 462, Lot:12 ...",Active (A)
"22TMP0839K, 22EH-N233K",2738 ATLANTIC AVE,Brooklyn,2738 ATLANTIC AVE,"Block: 3690, Lot:15",Active (A)
"22TMP0815K, 22EHAZ223K, 22CVCP074K",288 Jackson Street,Brooklyn,288 JACKSON STREET,"Block: 2885, Lot:35",Active (A)
"22TMP0771K, 22EHAN168K",204 4th Avenue,Brooklyn,204 4TH AVENUE,"Block: 434, Lot:35",Active (A)
22TMP0509K,673 LIVONIA AVENUE,Brooklyn,673 LIVONIA AVENUE,"Block: 3808, Lot:1",Active (A)
"22TMP0391K, 22EHAN084K",2246 Fulton Street,Brooklyn,2246 FULTON STREET,"Block: 1553, Lot:18",Active (A)
"22TMP0299K, 22EHAN066K",659 Flushing Avenue,Brooklyn,659 FLUSHING AVENUE,"Block: 2272, Lot:55",Active (A)
"22TMP0100K, 22CVCP022K, 22EH-A266K",105 River Street (North Tower),Brooklyn,87 RIVER STREET,"Block: 2361, Lot:1 ...",Active (A)
"22TMP0009K, 22EH-N019K",340 Myrtle Avenue,Brooklyn,340 MYRTLE AVENUE,"Block: 2073, Lot:21",Active (A)
"21TMP1469K, 21EHAZ296K, 22CVCP021K",25 Milford Street,Brooklyn,25 MILFORD STREET,"Block: 4153, Lot:27",Active (A)
"21TMP1457K, 22EH-A012K",2776 OCEAN AVE,Brooklyn,2776 OCEAN AVE,"Block: 7404, Lot:28",Active (A)
"21TMP1447K, 21EH-N293K, 22TMP0213K (MERGED), 22TMP0214K (MERGED), 22TMP0215K (MERGED), 22TMP0549K (MERGED), 22CVCP036K, 22TMP1023K (MERGED)",356-380 Fulton Street,Brooklyn,356-370 FULTON STREET,"Block: 154, Lot:5 ...",Active (A)
"21TMP1315K, 22EHAN204K",240 Huntington Street,Brooklyn,300 HUNTINGTON STREET,"Block: 477, Lot:8",Active (A)
"21TMP1294K, 22CVCP057K",881-885 New Jersey Avenue,Brooklyn,881-885 NEW JERSEY AVENUE,"Block: 4348, Lot:48 ...",Active (A)
"21TMP1253K, 21EH-A264K",400 THATFORD AVENUE,Brooklyn,400 THATFORD AVENUE,"Block: 3603, Lot:42",Active (A)
"21TMP1172K, 21EHAN252K",62 THROOP AVENUE,Brooklyn,62 THROOP AVENUE,"Block: 2250, Lot:32",Active (A)
"21TMP1142K, 21EHAN243K, 21CVCP058K",1050 Pacific Street,Brooklyn,643 CLASSON AVENUE,"Block: 1134, Lot:2 ...",Active (A)
"21TMP0901K, 21EH-N188K, 21CVCP043K",155 Carlton Avenue,Brooklyn,155 CARLTON AVENUE,"Block: 2073, Lot:22",Active (A)
"21TMP0827K, 21EH-N180K, 22CVCP009K",979 Pacific Street,Brooklyn,979 PACIFIC STREET,"Block: 1125, Lot:1",Active (A)
"21TMP0756K, 21CVCP045K",83 Apollo Street,Brooklyn,83 APOLLO STREET,"Block: 2661, Lot:16 ...",Active (A)
"21TMP0597K, 21RHAZ123K, 21CVCP038K",89 Union Avenue,Brooklyn,89 UNION AVENUE,"Block: 2241, Lot:39",Active (A)
"21TMP0441K, 21EHAN097K",636 86TH STREET,Brooklyn,636 86TH STREET,"Block: 6055, Lot:21",Active (A)
"21TMP0404K, 21EHAZ089K, 21CVCP026K",4701 19th Avenue,Brooklyn,4701 19TH AVENUE,"Block: 5457, Lot:166",Active (A)
"21TMP0398K, 22CVCP064K",1625 Prospect Place,Brooklyn,1625 PROSPECT PL,"Block: 1363, Lot:60",Active (A)
"21TMP0397K, 22CVCP058K",772 Halsey Street,Brooklyn,772 HALSEY ST,"Block: 1668, Lot:48",Active (A)
"21TMP0395K, 22CVCP065K",53 MacDougal Street,Brooklyn,53 MACDOUGAL ST,"Block: 1524, Lot:43",Active (A)
"21TMP0327K, 21EH-N073K",668 Metropolitan Avenue,Brooklyn,668 METROPOLITAN AVENUE,"Block: 2763, Lot:18",Active (A)
"21TMP0279K, 21EHAN062K, 21TMP1463K (MERGED), 21TMP1465K (MERGED), 21TMP1467K (MERGED), 22CVCP043K",1775 CONEY ISLAND AVENUE,Brooklyn,1775 CONEY ISLAND AVENUE,"Block: 6749, Lot:78",Active (A)
"20TMP1456K, 20EHAN288K, 22TMP1279K (MERGED)",1640 Flatbush Avenue,Brooklyn,1640 FLATBUSH AVENUE,"Block: 7577, Lot:60",Active (A)
"20TMP1439K, 20EH-N286K",829 Atlantic Avenue - Former Coin Building,Brooklyn,829 ATLANTIC AVENUE,"Block: 2011, Lot:60 ...",Active (A)
"20TMP1392K, 22EHAN232K, 22CVCP082K",6 Howard Avenue,Brooklyn,6 HOWARD AVENUE,"Block: 1481, Lot:35",Active (A)
"20TMP1334K, 20EH-A268K, 21CVCP017K",29 Jay Street,Brooklyn,29 Jay Street,"Block: 20, Lot:1",Active (A)
"20TMP1262K, 21CVCP030K",117 Glenmore Avenue,Brooklyn,117 GLENMORE AVENUE,"Block: 3692, Lot:1 ...",Active (A)
"20TMP1260K, 21EH-N029K",1607 SURF AVENUE,Brooklyn,1607 SURF AVENUE,"Block: 7062, Lot:25 ...",Active (A)
"20TMP0986K, 20EH-N203K, 20CVCP076K",156-158 Somers Street,Brooklyn,156 - 158 SOMERS STREET,"Block: 1544, Lot:15 ...",Active (A)
"20TMP0836K, 20EH-N258K",2795 Fulton Street,Brooklyn,2795 Fulton Street,"Block: 3933, Lot:55",Active (A)
"20TMP0758K, 20EHAZ162K, 20CVCP061K",494 Manhattan Avenue,Brooklyn,494 MANHATTAN AVENUE,"Block: 2713, Lot:1",Completed (C)
"20TMP0640K, 20EHAZ185K, 20CVCP054K",130 North 6th Street,Brooklyn,126 North 6th Street,"Block: 2335, Lot:6 ...",Completed (C)
"20TMP0628K, 20EHAZ146K, 20CVCP063K",175 McGuinness Boulevard,Brooklyn,175 MCGUINNESS BOULEVARD,"Block: 2599, Lot:23 ...",Active (A)
"20TMP0583K, 20EH-N133K, 22CVCP019K",2602 Pitkin Avenue,Brooklyn,2602 PITKIN AVENUE,"Block: 4228, Lot:13",Active (A)
"20TMP0526K, 20CVCP040K, 22EH-N183K",487 4th Avenue,Brooklyn,487 4TH AVENUE,"Block: 1028, Lot:7",Active (A)
"20TMP0426K, 20EHAZ100K, 20CVCP035K",411 Meeker Avenue,Brooklyn,411 MEEKER AVENUE,"Block: 2724, Lot:1 ...",Completed (C)
"20TMP0361K, 20ENOS088K",121 NORTH 1 STREET,Brooklyn,121 NORTH 1 STREET,"Block: 2365, Lot:36",Completed (C)
"20TMP0240K, 20EHAN049K, 20CVCP059K, 22TMP1501K (MERGED)",381 Chester Street,Brooklyn,401 CHESTER STREET,"Block: 3589, Lot:21",Active (A)
"20TMP0009K, 20RHAZ004K, 20CVCP011K",20 Luquer Street,Brooklyn,20 LUQUER STREET,"Block: 520, Lot:13 ...",Active (A)
"20TMP0008K, 20EH-A151K, 20CVCP049K",169 LORIMER STREET,Brooklyn,169 LORIMER STREET,"Block: 2242, Lot:45",Completed (C)
"19TMP2130K, 19EHAN459K, 20CVCP002K, 22TMP1176K (MERGED)",1941 Coney Island Avenue,Brooklyn,1941 CONEY ISLAND AVENUE,"Block: 6774, Lot:1 ...",Completed (C)
"19TMP1986K, 19EHAN426K, 20CVCP044K",1601 Dekalb Avenue,Brooklyn,1601 DEKALB AVENUE,"Block: 3237, Lot:23 ...",Active (A)
"19TMP1943K, 19EHAN411K, 20CVCP016K",3294 Atlantic Avenue,Brooklyn,3294 ATLANTIC AVENUE,"Block: 4153, Lot:40",Active (A)
"19TMP1894K, 19EH-N399K",1036 MANHATTAN AVENUE,Brooklyn,1036 MANHATTAN AVENUE,"Block: 2513, Lot:6 ...",Active (A)
"19TMP1818K, 19EH-N392K, 20CVCP007K",2776 Fulton Street,Brooklyn,2776 FULTON STREET,"Block: 3946, Lot:18 ...",Active (A)
"19TMP1759K, 19EHAZ370K",755 BEDFORD AVENUE,Brooklyn,755 BEDFORD AVENUE,"Block: 1715, Lot:14 ...",Completed (C)
"19TMP1558K, 19EHAZ437K",1665 STILLWELL AVENUE,Brooklyn,1665 STILLWELL AVENUE,"Block: 6618, Lot:48",Active (A)
"19TMP1548K, 19CVCP066K, 22EH-N271K",233 NEVINS STREET Phase II,Brooklyn,233 NEVINS STREET,"Block: 412, Lot:6",Completed (C)
"19TMP1543K, 19EH-N340K, 22TMP1861K (MERGED)",Greenpoint Marina - 43-57 West Street,Brooklyn,43-57 WEST STREET,"Block: 2567, Lot:1 ...",Active (A)
"19TMP1325K, 19EH-A304K, 19CVCP056K",297 Wallabout Street,Brooklyn,297 Wallabout Street,"Block: 2250, Lot:45",Active (A)
"19TMP1267K, 19EHAN283K",818 FLUSHING AVENUE,Brooklyn,818 FLUSHING AVENUE,"Block: 3137, Lot:51 ...",Active (A)
"19TMP1220K, 19ENOS267K",1470 EASTERN PARKWAY,Brooklyn,1470 EASTERN PARKWAY,"Block: 1474, Lot:7",Completed (C)
"19TMP1131K, 19ENOS285K, 21TMP0532K (MERGED)",312 97 STREET,Brooklyn,312 97 STREET,"Block: 6126, Lot:12",Completed (C)
"19TMP0999K, 19EHAN245K, 20CVCP005K",1010 Gates Avenue,Brooklyn,1010 GATES AVENUE,"Block: 1480, Lot:17",Active (A)
"19TMP0747K, 19EHAN199K, 19CVCP055K",2175 Bergen Street,Brooklyn,217-221 MOTHER GASTON BOULEVARD,"Block: 1450, Lot:1 ...",Completed (C)
"19TMP0692K, 19EH-A177K, 19CVCP039K",1256 38th Street,Brooklyn,1256 38TH STREET,"Block: 5294, Lot:26 ...",Active (A)
"19TMP0690K, 19EH-A176K, 19CVCP038K",1250 38TH STREET,Brooklyn,1250 38TH STREET,"Block: 5294, Lot:25",Active (A)
"19TMP0663K, 19ENOS193K, 23TMP0232K (MERGED)",1623 CONEY ISLAND AVENUE,Brooklyn,1623 CONEY ISLAND AVENUE,"Block: 6731, Lot:56 ...",Completed (C)
"19TMP0660K, 19EHAN167K, 19CVCP062K",1021 Bedford Avenue,Brooklyn,1021-1023 BEDFORD AVENUE,"Block: 1788, Lot:4 ...",Completed (C)
"22TMP0792K, 22EHAN179K",151-169 Third Avenue,Brooklyn,151-169 THIRD AVENUE,"Block: 407, Lot:1",Active (A)
"18TMP0119K, 18EH-N062K, 18CVCP011K",800 Flatbush Avenue,Brooklyn,800 FLATBUSH AVENUE,"Block: 5063, Lot:58",Completed (C)
"15TMP0033K, 15EHAN033K, 15CVCP103K",77 Commercial Street,Brooklyn,77 Commercial Street,"Block: 2472, Lot:410",Active (A)
"16TMP0387K, 16CVCP084K, 16CVCP084K",666 Greene Avenue,Brooklyn,666 Greene Avenue,"Block: 1801, Lot:8",Completed (C)
"20TMP1025K, 20EAIR205K",Broadway Triangle - Site A2,Brooklyn,31 BARTLETT STREET,"Block: 2269, Lot:52",Active (A)
"20TMP0651K, 20EH-A207K",Broadway Triangle - Site C,Brooklyn,90 GERRY STREET,"Block: 2269, Lot:25 ...",Active (A)
"18TMP1221K, 18EHAN409K",583 Emerald Street - Linden Boulevard Phase III; Building 3,Brooklyn,1427-1449 LORING AVENUE,"Block: 4496, Lot:1 ...",Active (A)
"18TMP0308K, 18EHAN221K, 18CVCP070K, 21TMP0741K (MERGED)","2846-2868 Linden Boulevard - Linden Boulevard Phase I, Building 1",Brooklyn,2846-2868 LINDEN BOULEVARD,"Block: 4496, Lot:1 ...",Completed (C)
"19TMP0433K, 19EH-N131K, 19CVCP081K",438 Union Avenue,Brooklyn,438 UNION AVENUE,"Block: 2761, Lot:5",Completed (C)
"22TMP1653K, 22EHAZ371K, 23CVCP013K",184 Pennsylvania Avenue,Brooklyn,184 PENNSYLVANIA AVENUE,"Block: 3703, Lot:35 ...",Active (A)
"18TMP0434K, 18EH-A171K, 18CVCP068K",24 Bartlett Street,Brooklyn,24 BARTLETT STREET,"Block: 2272, Lot:6",Active (A)
"21TMP0389K, 21EH-N090K, 21CVCP046K",193 Greenpoint Avenue,Brooklyn,193 GREENPOINT AVENUE,"Block: 2559, Lot:37",Active (A)
"13TMP0319K, 13EH-N319K, 14CVCP168K",1043 Fulton Street,Brooklyn,1045 Fulton Street,"Block: 1992, Lot:7 ...",Completed (C)
"17TMP0331K, 17JMPS004K, 20EH-N041K",19 PRESCOTT PLACE - MWBE Site B,Brooklyn,19 PRESCOTT PLACE,"Block: 1557, Lot:3 ...",Active (A)
"22TMP0840K, 22EH-N185K, 22CVCP081K",1 Putnam Avenue,Brooklyn,1 PUTNAM AVENUE,"Block: 1981, Lot:1",Active (A)
"19TMP0448K, 19EH-N135K, 19CVCP086K",596 Metropolitan Avenue,Brooklyn,596 METROPOLITAN AVENUE,"Block: 2762, Lot:5",Completed (C)
"12TMP0555K, 12EHAZ555K",1133 Manhattan Avenue/ 16-18 Box Street,Brooklyn,1133 Manhattan Avenue,"Block: 2482, Lot:26 ...",Completed (C)
"20TMP0010K, 20EHAN001K, 20CVCP058K",723-733 Myrtle Avenue,Brooklyn,723-733 MYRTLE AVENUE,"Block: 1736, Lot:35 ...",Active (A)
"22TMP1300K, 22EHAN301K",232 4 Avenue,Brooklyn,232 4 AVENUE,"Block: 441, Lot:33",Active (A)
"22TMP1304K, 22EHAN303K",240 4th Avenue,Brooklyn,240 4TH AVENUE,"Block: 441, Lot:35 ...",Active (A)
"22TMP1299K, 22EHAN302K",643 Union Street,Brooklyn,643 UNION STREET,"Block: 434, Lot:52",Active (A)
"17TMP0622K, 18CVCP046K, 18EH-N452K",2718 Fulton Street,Brooklyn,2718 FULTON STREET,"Block: 3673, Lot:14 ...",Active (A)
"20TMP0800K, 20EH-A173K, 20CVCP072K",1010 Pacific Street,Brooklyn,1010 PACIFIC STREET,"Block: 1133, Lot:32 ...",Active (A)
"21TMP1446K, 21EHAZ292K, 22CVCP073K",425 Coney Island Avenue,Brooklyn,425 CONEY ISLAND AVENUE,"Block: 5070, Lot:19 ...",Active (A)
"16TMP0380K, 16EHAN262K, 16CVCP068K",52-56 Throop Avenue,Brooklyn,52 Throop Avenue,"Block: 2250, Lot:27 ...",Completed (C)
"15TMP0348K, 15EH-N348K, 15CVCP077K",138-142 North 10th Street,Brooklyn,142 North 10th Street,"Block: 2304, Lot:12 ...",Completed (C)
"15TMP0162K, 15EH-N162K, 15CVCP098K",35-37 Duffield Street,Brooklyn,37 Duffield Street,"Block: 121, Lot:18 ...",Completed (C)
"14TMP0289K, 14EHAZ289K, 17CVCP076K",801 Bedford Avenue,Brooklyn,801 Bedford Avenue,"Block: 1734, Lot:70",Completed (C)
"16TMP0404K, 16EHAN330K",250 Euclid Avenue,Brooklyn,250 EUCLID AVENUE,"Block: 4143, Lot:1",Active (A)
"18TMP0125K, 18CVCP015K",1249 CONEY ISLAND AVENUE,Brooklyn,1249 CONEY ISLAND AVENUE,"Block: 6695, Lot:48",Completed (C)
"17TMP0309K, 17EH-A122K, 19TMP0438K (MERGED), 20CVCP051K",1035 Coney Island Avenue,Brooklyn,1039 CONEY ISLAND AVENUE,"Block: 5232, Lot:37",Completed (C)
"19TMP1824K, 19EHAZ391K",33 Franklin Street,Brooklyn,33 FRANKLIN STREET,"Block: 2589, Lot:13",Active (A)
"18TMP0714K, 18ENOS343K",577-581 FLUSHING AVENUE,Brooklyn,577-581 FLUSHING AVENUE,"Block: 2264, Lot:55",Completed (C)
"18TMP0304K, 18EH-N124K, 18CVCP064K",20 PRESCOTT PLACE,Brooklyn,20 PRESCOTT PLACE,"Block: 1556, Lot:25 ...",Completed (C)
"17TMP0795K, 17RHAZ300K, 18CVCP006K",223 SPENCER STREET,Brooklyn,223 SPENCER STREET,"Block: 1763, Lot:2 ...",Completed (C)
"17TMP0685K, 17EHAZ277K, 18CVCP060K",481 GRAHAM AVENUE,Brooklyn,481 GRAHAM AVENUE,"Block: 2724, Lot:18",Completed (C)
"17TMP0424K, 17EHAN164K, 19CVCP012K",118 New Jersey Avenue,Brooklyn,118 NEW JERSEY AVENUE,"Block: 3670, Lot:25",Hold (H)
"17TMP0397K, 17EHAZ281K, 17CVCP080K",436 FLUSHING AVENUE,Brooklyn,436 FLUSHING AVENUE,"Block: 1886, Lot:40",Completed (C)
"17TMP0391K, 17EHAZ146K, 18CVCP005K, 21TMP1226K (MERGED), 22TMP1511K (MERGED), 22TMP1677K (MERGED)",187 KENT AVENUE,Brooklyn,187 KENT AVENUE,"Block: 2357, Lot:1 ...",Completed (C)
"17TMP0286K, 17EH-N229K, 18CVCP008K",171 CONCORD STREET,Brooklyn,171 CONCORD STREET,"Block: 108, Lot:24",Completed (C)
"17TMP0113K, 17EHAZ084K, 17CVCP050K",99 North 4th Street,Brooklyn,99 4TH STREET,"Block: 2342, Lot:26",Completed (C)
"17TMP0103K, 17EHAN092K",74 THROOP AVE,Brooklyn,74 THROOP AVE,"Block: 2266, Lot:30 ...",Active (A)
"17TMP0056K, 17EH-A044K, 17CVCP043K",167 Lorimer Street,Brooklyn,169 LORIMER STREET,"Block: 2242, Lot:46 ...",Completed (C)
"17TMP0026K, 17EHAZ026K",58 Greenpoint Avenue,Brooklyn,58 Greenpoint Avenue,"Block: 2562, Lot:10",Completed (C)
"14TMP0149K, 14EH-N149K, 15CVCP075K",349-355 Grand Street,Brooklyn,349 Grand Street,"Block: 2384, Lot:22 ...",Completed (C)
"14TMP0406K, 14EHAN406K, 17CVCP011K",7 Whipple Street,Brooklyn,7 Whipple Street,"Block: 2272, Lot:45 ...",Completed (C)
"19TMP2135K, 19EHAN455K, 20CVCP014K",881 LEXINGTON AVENUE,Brooklyn,881 LEXINGTON AVENUE,"Block: 1623, Lot:57",Completed (C)
"20TMP1490K, 20CVCP088K",625 Fulton Street,Brooklyn,625 FULTON STREET,"Block: 2094, Lot:1 ...",Active (A)
"19TMP1428K, 19EH-N325K, 20CVCP042K",447 Euclid Avenue,Brooklyn,447 EUCLID AVENUE,"Block: 4214, Lot:12 ...",Active (A)
"13TMP0341K, 13EHAZ341K, 13CVCP155K, 19TMP0714K (MERGED)",50 Greenpoint Avenue,Brooklyn,50 Greenpoint Avenue,"Block: 2562, Lot:1 ...",Completed (C)
"22TMP0810K, 22EHAN293K",21 Denton Place,Brooklyn,21 DENTON PLACE,"Block: 456, Lot:6",Active (A)
"23TMP0223K, 23EH-A035K, 23CVCP033K",79 Quay Street,Brooklyn,79 QUAY STREET,"Block: 2589, Lot:1",Active (A)
"11TMP0258K, 11EHAN258K, 12CBCP019K","177 Harrison Ave. ""NYC BCP / NYS VCP"" - DOB Job No. NB-320283377",Brooklyn,177 Harrison Avenue,"Block: 2266, Lot:1 ...",Completed (C)
"17TMP0589K, 17EH-N226K, 17CVCP071K, 22TMP0852K (MERGED), 22TMP0854K (MERGED), 22TMP1089K (MERGED)",537 GRAND STREET,Brooklyn,537 GRAND STREET,"Block: 2779, Lot:38",Completed (C)
"14TMP0403K, 14EHAZ403K, 15CVCP034K",75 Eckford Street,Brooklyn,75 Eckford Street,"Block: 2698, Lot:25",Completed (C)
"17TMP0446K, 17EHAZ183K, 18CVCP035K",177 Bayard Street,Brooklyn,177 BAYARD STREET,"Block: 2720, Lot:41",Active (A)
"16TMP0330K, 16EH-A242K, 18CVCP013K",875 4th Avenue,Brooklyn,875 4th Avenue,"Block: 681, Lot:1 ...",Active (A)
"22TMP1768K, 22EH-N408K, 23CVCP030K",236 Gold Street,Brooklyn,236 GOLD STREET,"Block: 121, Lot:32 ...",Active (A)
"23TMP0443K, 23EHAZ069K",747 Bedford Avenue,Brooklyn,747 BEDFORD AVENUE,"Block: 1715, Lot:21",Active (A)
"19TMP2102K, 19EH-N449K, 20CVCP019K, 20TMP1024K (MERGED)",2337 Pitkin Avenue,Brooklyn,2337 PITKIN AVENUE,"Block: 3998, Lot:30 ...",Active (A)
"16TMP0410K, 16EHAN373K, 17CVCP057K",11-23 Montieth Street,Brooklyn,11 Montieth Street,"Block: 3139, Lot:30 ...",Active (A)
"22TMP0751K, 22EHAN221K",498 Union Street (Building A),Brooklyn,300-344 NEVINS STREET,"Block: 439, Lot:1",Active (A)
"15TMP0177K, 15EH-N177K, 21TMP0375K (MERGED), 21TMP0533K (MERGED), 22TMP0802K (MERGED)",1100-1106 Fulton Street,Brooklyn,1106 Fulton Street,"Block: 2016, Lot:29 ...",Completed (C)
"20TMP0979K, 20EHAZ200K, 21CVCP009K",76 North 8th Street,Brooklyn,76 NORTH 8TH STREET,"Block: 2317, Lot:18",Active (A)
"22TMP0911K, 22EHAN201K",824 METROPOLITAN AVENUE,Brooklyn,824 METROPOLITAN AVENUE,"Block: 2916, Lot:14 ...",Inactive (I)
"19TMP0264K, 19EH-N099K, 19CVCP072K",74-76 South Second Street,Brooklyn,74-76 SOUTH SECOND STREET,"Block: 2416, Lot:8 ...",Completed (C)
"20TMP0156K, 20EHAN029K, 20CVCP045K",169 Livonia Avenue,Brooklyn,169 LIVONIA AVENUE,"Block: 3573, Lot:1 ...",Completed (C)
"15TMP0432K, 15ENOS432K, 22TMP0235K (MERGED), 23TMP0259K (MERGED), 23TMP0429K (MERGED), 23TMP0692K (MERGED), 23TMP0922K (MERGED)",420 Albee Square,Brooklyn,420 Albee Square,"Block: 146, Lot:11 ...",Completed (C)
"22TMP0913K, 22EH-N211K, 22CVCP068K",2701-2715 Fulton Street,Brooklyn,2701-2715 FULTON STREET,"Block: 3662, Lot:52 ...",Active (A)
"22TMP1557K, 22EH-N353K, 23CVCP012K",303 Wythe Avenue,Brooklyn,303 WYTHE AVENUE,"Block: 2404, Lot:1",Active (A)
"19TMP1244K, 19EHAZ311K, 20CVCP038K",64 North 8th Street,Brooklyn,64 NORTH 8TH STREET,"Block: 2317, Lot:12",Active (A)
"09TMP0214K, 09EH-N214K, 13CVCP090K",125 Flatbush Avenue Extension,Brooklyn,125 Flatbush Avenue Extension,"Block: 133, Lot:13",Completed (C)
"18TMP1263K, 18EH-A427K, 19CVCP037K",1246 38th Street,Brooklyn,1246 38TH STREET,"Block: 5294, Lot:24",Active (A)
"14TMP0586K, 14EHAN586K, 15CVCP004K",Domino Sugar Site D,Brooklyn,350 Kent Avenue,"Block: 2414, Lot:1",Active (A)
"19TMP1190K, 19EHAN260K, 19CVCP098K",302 Graham Avenue,Brooklyn,302 GRAHAM AVENUE,"Block: 2777, Lot:5",Active (A)
"22TMP0895K, 22EHAN225K",499 President Street,Brooklyn,473 PRESIDENT STREET,"Block: 440, Lot:1 ...",Active (A)
"21TMP0374K, 21EH-N087K, 21CVCP060K",103 Liberty Avenue,Brooklyn,103 LIBERTY AVENUE,"Block: 3675, Lot:25 ...",Completed (C)
"16TMP0164K, 16EH-N153K, 17CVCP063K",722 Metropolitan Avenue,Brooklyn,722 Metropolitan Avenue,"Block: 2764, Lot:13 ...",Active (A)
"21TMP1242K, 21EHAZ271K, 22CVCP002K",540 Graham Avenue,Brooklyn,540 GRAHAM AVENUE,"Block: 2701, Lot:1 ...",Active (A)
"19TMP1191K, 19EH-N273K, 20CVCP055K",624 Metropolitan Avenue,Brooklyn,624 METROPOLITAN AVENUE,"Block: 2762, Lot:14",Active (A)
"23TMP0707K, 23EHAZ117K, 23CVCP025K",6202 14th Avenue,Brooklyn,6202 14TH AVENUE,"Block: 5733, Lot:35 ...",Active (A)
"22TMP0656K, 22EH-N245K, 22CVCP087K, 23TMP0557K (MERGED)",164 4th Avenue,Brooklyn,164 4TH AVENUE,"Block: 420, Lot:37",Active (A)
"21TMP1642K, 22EHAN154K, 22CVCP044K",553 Sackett Street,Brooklyn,553 SACKETT STREET,"Block: 426, Lot:49 ...",Active (A)
"16TMP0248K, 16EH-N235K, 18CVCP004K",6317 Fort Hamilton Parkway,Brooklyn,6317 Fort Hamilton Parkway,"Block: 5736, Lot:43",Active (A)
"22TMP0304K, 22EHAN062K",2396 Atlantic Avenue,Brooklyn,2396 ATLANTIC AVENUE,"Block: 1437, Lot:1 ...",Active (A)
"21TMP1634K, 22EHAN170K",498 Sackett Street,Brooklyn,498 SACKETT STREET,"Block: 431, Lot:12 ...",Active (A)
"21TMP1633K, 22EHAN161K",495 Sackett Street,Brooklyn,495 SACKETT STREET,"Block: 424, Lot:1 ...",Active (A)
"20TMP1102K, 20EHAZ228K, 21CVCP019K",167-171 North 1st Street,Brooklyn,167-171 NORTH 1ST STREET,"Block: 2366, Lot:32",Active (A)
"21TMP0857K, 21EH-N174K, 22CVCP008K",1499 Bedford Avenue,Brooklyn,1499 BEDFORD AVENUE,"Block: 1253, Lot:7",Active (A)
"14TMP0177K, 14EHAZ177K, 15CVCP067K",280 Meeker Ave,Brooklyn,280 Meeker Avenue,"Block: 2742, Lot:9",Active (A)
"14TMP0486K, 14EH-N486K, 15CVCP030K",156 Tillary Street,Brooklyn,156 Tillary Street,"Block: 133, Lot:15",Completed (C)
"21TMP0883K, 21EHAN187K, 22CVCP010K",276 Bedford Avenue,Brooklyn,276 BEDFORD AVENUE,"Block: 2380, Lot:20",Active (A)
"20TMP1085K, 20EHAN224K, 21CVCP012K",2384 Atlantic Avenue,Brooklyn,2384 ATLANTIC AVENUE,"Block: 1437, Lot:1",Active (A)
"18TMP1359K, 18EH-N460K, 22CVCP029K",121-123 Grand Street,Brooklyn,121 GRAND STREET,"Block: 2379, Lot:24 ...",Active (A)
"22TMP0010K, 22CVCP031K, 22EHAN150K",374 4th Avenue,Brooklyn,374 4TH AVENUE,"Block: 980, Lot:77",Active (A)
23TMP0439K,3002 FOSTER AVENUE,Brooklyn,3002 FOSTER AVENUE,"Block: 4995, Lot:26",Active (A)
"23TMP0759K, 23EHAZ124K, 23CVCP028K",285 Metropolitan Avenue,Brooklyn,285 Metropolitan Avenue,"Block: 2353, Lot:26 ...",Active (A)
"15TMP0347K, 15EH-N347K, 16CVCP035K",2150 Mill Avenue,Brooklyn,2150 Mill Avenue,"Block: 8470, Lot:1095 ...",Active (A)
"20TMP1331K, 21EHAN192K",650 86TH STREET,Brooklyn,650 86TH STREET,"Block: 6056, Lot:12 ...",Active (A)
"17TMP0374K, 22EH-A338K",51 Franklin Avenue,Brooklyn,FRANKLIN AVENUE,"Block: 1885, Lot:15",Active (A)
"23TMP0299K, 23EHAZ047K, 23CVCP027K",202 North 4th Street,Brooklyn,202 NORTH 4TH STREET,"Block: 2353, Lot:26",Active (A)
"22TMP0806K, 22EHAN171K",210 GREENPOINT AVENUE,Brooklyn,210 Greenpoint Avenue,"Block: 2576, Lot:7",Active (A)
"22TMP0723K, 22EHAZ157K",368 LEONARD STREET,Brooklyn,368 LEONARD STREET,"Block: 2738, Lot:3",Completed (C)
"18TMP1378K, 18EHAZ459K, 19CVCP013K, 23TMP0974K (MERGED)",390 Leonard Street,Brooklyn,390 LEONARD STREET,"Block: 2733, Lot:6",Active (A)
"22TMP1022K, 22EH-N236K, 22CVCP060K",127 Concord Street,Brooklyn,127 CONCORD STREET,"Block: 107, Lot:48",Active (A)
"17TMP0624K, 17EHAZ310K, 20CVCP083K",129 Kent Avenue,Brooklyn,129 KENT AVENUE,"Block: 2325, Lot:1 ...",Active (A)
"20TMP1344K, 20EHAZ264K, 21CVCP016K",508 Graham Avenue,Brooklyn,508 GRAHAM AVENUE,"Block: 2720, Lot:6 ...",Active (A)
"19TMP1475K, 19EH-A320K, 19CVCP064K",931 Carrol Street,Brooklyn,931 CARROLL STREET,"Block: 1188, Lot:58",Active (A)
"14TMP0464K, 14EH-N464K, 19CVCP040K",996 Manhattan Avenue,Brooklyn,996 Manhattan Avenue,"Block: 2523, Lot:1",Completed (C)
"22TMP1294K, 22EHAN298K, 23CVCP041K",213 Third Avenue,Brooklyn,213 THIRD AVENUE,"Block: 427, Lot:7 ...",Active (A)
"22TMP0715K, 22EHAN162K, 22TMP0896K (MERGED), 22TMP0897K (MERGED), 22TMP1612K (MERGED), 22TMP1615K (MERGED), 22CVCP089K",288 4th Avenue,Brooklyn,286-290 4TH AVENUE,"Block: 456, Lot:34",Active (A)
"14TMP0461K, 14EH-A461K, 16CVCP018K",100 Union Avenue,Brooklyn,100 Union Avenue,"Block: 2242, Lot:3",Active (A)
"19TMP0268K, 19EHAZ090K, 20CVCP041K",160 17th Street,Brooklyn,160 17TH STREET,"Block: 630, Lot:22",Active (A)
"19TMP1983K, 19EHAZ420K, 20CVCP009K",116 North 5th Street,Brooklyn,116 North 5th Street,"Block: 2343, Lot:5",Active (A)
"17TMP0453K, 17EHAZ212K, 18CVCP019K, 20TMP0119K (MERGED)",108-112 North 6th Street,Brooklyn,112 NORTH 6TH STREET,"Block: 2334, Lot:22 ...",Active (A)
"22TMP0804K, 22EH-N172K",1885 ATLANTIC AVENUE,Brooklyn,1885 Atlantic Avenue,"Block: 1714, Lot:30",Active (A)
"19TMP1556K, 19EH-N347K, 20CVCP023K",80 Flatbush Avenue,Brooklyn,80 FLATBUSH AVENUE,"Block: 174, Lot:13 ...",Active (A)
"19TMP1527K, 19EHAN360K, 19CVCP103K",55 SUMMIT STREET,Brooklyn,55 SUMMIT STREET,"Block: 352, Lot:49 ...",Active (A)
"17TMP0413K, 18EH-N003K, 18CVCP020K",1860 EASTERN PARKWAY,Brooklyn,1860 EASTERN PARKWAY,"Block: 1436, Lot:6",Completed (C)
"14TMP0565K, 14EHAN565K, 15CVCP018K, 20TMP0620K (MERGED), 23TMP0649K (MERGED)",66 Ainslie Street,Brooklyn,66 Ainslie Street,"Block: 2375, Lot:5",Completed (C)
"17TMP0371K, 17EH-N141K, 18TMP1047K (MERGED), 22TMP1060K (MERGED), 23TMP0989K (MERGED), 23TMP1005K (MERGED)",1 BOERUM PLACE,Brooklyn,1 BOERUM PLACE,"Block: 153, Lot:3",Active (A)
"20TMP0546K, 20EHAN132K, 21CVCP015K",72-76 Congress Street,Brooklyn,72-76 CONGRESS STREET,"Block: 299, Lot:11",Active (A)
"22TMP0872K, 22EHAZ215K",405 LEONARD ST,Brooklyn,405 LEONARD ST,"Block: 2722, Lot:25",Active (A)
"21TMP1112K, 21EHAZ236K",1808 Coney Island Avenue,Brooklyn,1808 CONEY ISLAND AVENUE,"Block: 6592, Lot:39",Active (A)
"23TMP0002K, 23EHAZ007K",19-37 Clay Street,Brooklyn,19-37 CLAY,"Block: 2482, Lot:9 ...",Active (A)
"15TMP0149K, 15EH-A149K, 15CVCP087K",74 Vernon Avenue,Brooklyn,74 Vernon Avenue,"Block: 1759, Lot:7",Completed (C)
"22TMP1683K, 22EHAN392K, 23CVCP015K",676 Myrtle Avenue,Brooklyn,676 MYRTLE AVENUE,"Block: 1914, Lot:22",Active (A)
"19TMP1112K, 19ENOS387K, 20TMP0676K (MERGED), 20TMP0690K (MERGED), 23TMP1007K (MERGED)",58 SAINT MARKS PLACE,Brooklyn,58 SAINT MARKS PLACE,"Block: 395, Lot:30 ...",Completed (C)
"18TMP0017K, 18EHAZ047K, 23CVCP038K",179 22nd Street,Brooklyn,691 4TH AVENUE,"Block: 643, Lot:1 ...",Active (A)
"15TMP0493K, 15EH-N493K, 16CVCP061K",1019-1033 Fulton Street,Brooklyn,1033 Fulton Street,"Block: 1991, Lot:1 ...",Completed (C)
"18TMP0462K, 18EHAZ178K, 18CVCP047K",137 Frost Street,Brooklyn,137 FROST STREET,"Block: 2734, Lot:35 ...",Active (A)
"19TMP1132K, 19EH-A295K, 20CVCP031K",54 Crown Street,Brooklyn,46 CROWN STREET,"Block: 1190, Lot:29 ...",Active (A)
"14TMP0019K, 14RHAZ019K",252 Atlantic Avenue,Brooklyn,252 Atlantic Avenue,"Block: 181, Lot:1",Completed (C)
"20TMP1156K, 21EHAN084K, 21CVCP036K",2440 Fulton Street,Brooklyn,2440 FULTON STREET,"Block: 1554, Lot:16",Active (A)
"14TMP0603K, 14EHAN603K, 15CVCP052K",1038 Greene Avenue,Brooklyn,1038 Greene Avenue,"Block: 1623, Lot:25",Completed (C)
"14TMP0457K, 14EH-N457K, 15CVCP074K, 19TMP1162K (MERGED), 19TMP1331K (MERGED)",119-127 Livingston Street,Brooklyn,119 Livingston Street,"Block: 154, Lot:37 ...",Completed (C)
"14TMP0028K, 14EHAN028K",1100 Myrtle Avenue,Brooklyn,1100 Myrtle Avenue,"Block: 1586, Lot:12",Active (A)
"21TMP0825K, 21EHAZ168K",180 ASHLAND PLACE,Brooklyn,180 Ashland Place,"Block: 2095, Lot:26 ...",Active (A)
"19TMP1195K, 19EH-N262K, 19CVCP099K",322 Graham Avenue,Brooklyn,322 GRAHAM AVENUE,"Block: 2771, Lot:7",Active (A)
"20TMP1115K, 20EHAN237K, 20CVCP066K",1881 McDonald Avenue,Brooklyn,1881 MCDONALD AVENUE,"Block: 6633, Lot:45 ...",Active (A)
"14TMP0587K, 14EHAN587K, 15CVCP001K, 18TMP0874K (MERGED), 19TMP0247K (MERGED), 19TMP2026K (MERGED), 19TMP2151K (MERGED), 20TMP0053K (MERGED), 20RHAN086K (MERGED), 22TMP1186K (MERGED), 23TMP0931K (MERGED)",Domino Sugar Site E,Brooklyn,317 KENT AVENUE,"Block: 2428, Lot:1",Completed (C)
"18TMP0235K, 18EH-N095K, 19CVCP083K",161 West Street,Brooklyn,161 WEST STREET,"Block: 2520, Lot:1",Active (A)
"22TMP0465K, 22EH-N096K",1045 ATLANTIC AVE,Brooklyn,1045 ATLANTIC AVE,"Block: 2020, Lot:68 ...",Active (A)
"22TMP1306K, 22EH-N311K",628-630 GRAND STREET,Brooklyn,630 GRAND STREET,"Block: 2787, Lot:9 ...",Active (A)
"13TMP0564K, 13EHAN562K, 16CVCP080K",853 Lexington Avenue,Brooklyn,853 Lexington Avenue,"Block: 1623, Lot:70",Completed (C)
"14TMP0103K, 14EH-N103K, 19TMP0874K (MERGED), 19TMP1161K (MERGED), 20TMP0061K (MERGED), 20TMP0610K (MERGED), 20CVCP039K, 20TMP1512K (MERGED), 23TMP0523K (MERGED)",540-554 WAVERLY AVENUE,Brooklyn,547 Clinton Avenue,"Block: 2011, Lot:1 ...",Completed (C)
"14TMP0533K, 14EHAZ533K",510 Driggs Avenue,Brooklyn,510 Driggs Avenue,"Block: 2312, Lot:23",Completed (C)
"14TMP0455K, 14EHAZ455K, 14CVCP250K, 20TMP1271K (MERGED)",269-271 4th Avenue,Brooklyn,271 4th Avenue,"Block: 964, Lot:6 ...",Completed (C)
"15TMP0355K, 15EHAN355K, 16CVCP049K, 19TMP1917K (MERGED), 22TMP1877K (MERGED)",912 Broadway,Brooklyn,374 Stockton Street,"Block: 1584, Lot:11",Completed (C)
"15TMP0327K, 15EHAN327K, 16CVCP062K",1200 Broadway,Brooklyn,1200 Broadway,"Block: 1613, Lot:16 ...",Completed (C)
"15TMP0588K, 15CVCP123K, 15CVCP123K",Ralph Avenue and Preston Court,Brooklyn,1423 Ralph Avenue,"Block: 7918, Lot:86 ...",Completed (C)
"16TMP0106K, 16EHAZ099K, 16CVCP034K, 19TMP0916K (MERGED), 22TMP0039K (MERGED), 22TMP0040K (MERGED)",296 Wythe Avenue,Brooklyn,296 Wythe Avenue,"Block: 2378, Lot:21 ...",Completed (C)
"16TMP0239Q, 16EH-A219K, 16CVCP078K",391 Meeker Avenue,Brooklyn,391 Meeker Avenue,"Block: 2723, Lot:33",Completed (C)
"16TMP0353Q, 16EH-N276K, 17CVCP002K",44 Box Street,Brooklyn,44 BOX STREET,"Block: 2483, Lot:11 ...",Completed (C)
"18TMP0469K, 18EH-N179K, 18CVCP059K, 23TMP0709K (MERGED), 23TMP0720K (MERGED)",13-15 GREENPOINT AVENUE,Brooklyn,13-15 GREENPOINT AVENUE,"Block: 2556, Lot:45 ...",Completed (C)
"18TMP0941K, 18EHAN370K",2006 SURF AVENUE,Brooklyn,2006 SURF AVENUE,"Block: 7072, Lot:2 ...",Completed (C)
"18TMP1311K, 18EHAN464K, 19CVCP043K",Greenpoint Landing H3,Brooklyn,45 COMMERCIAL STREET,"Block: 2472, Lot:475 ...",Completed (C)
"19TMP0545K, 19EHAN239K, 23TMP0449K (MERGED), 23TMP0628K (MERGED)",141 WILLOUGHBY STREET,Brooklyn,141 WILLOUGHBY STREET,"Block: 2060, Lot:1 ...",Completed (C)
"21TMP1528K, 21EHAZ312K, 22CVCP013K",352 Meeker Avenue,Brooklyn,352 MEEKER AVENUE,"Block: 2738, Lot:10 ...",Active (A)
"19TMP1944K, 19EHAZ415K, 20TMP0823K (MERGED)",353 BEDFORD AVENUE,Brooklyn,353 BEDFORD AVENUE,"Block: 2444, Lot:4 ...",Completed (C)
"20TMP0045K, 20EHAN009K",215 Livonia Avenue,Brooklyn,215 LIVONIA AVENUE,"Block: 3574, Lot:1 ...",Completed (C)
"21TMP0151K, 21EHAZ037K",125 Kings Highway,Brooklyn,125 KINGS HIGHWAY,"Block: 6618, Lot:27",Completed (C)
"22TMP0430K, 22EH-N110K, 22CVCP020K",527 Grand Avenue,Brooklyn,527 GRAND AVENUE,"Block: 1133, Lot:7 ...",Active (A)
"22TMP0562K, 22EHAZ132K, 22CVCP069K",794 Bedford Avenue,Brooklyn,794 BEDFORD AVENUE,"Block: 1886, Lot:71",Active (A)
"11TMP0223K, 11RH-N223K, 14CVCP254K, 20TMP1353K (MERGED), 21TMP0212K (MERGED)",945 Bergen Street (Franklin Avenue Lofts - Bergen Street Side),Brooklyn,945 Bergen Street,"Block: 1142, Lot:48 ...",Active (A)
"21TMP1425K, 21EHAN290K, 22CVCP003K",5402 Fort Hamilton Parkway,Brooklyn,5402 - 5410 FORT HAMILTON PARKWAY,"Block: 5673, Lot:42 ...",Active (A)
"14TMP0585K, 14EHAN585K, 15CVCP006K",Domino Sugar Site C,Brooklyn,320-328 KENT AVENUE,"Block: 2414, Lot:26 ...",Active (A)
"17TMP0402K, 17EHAZ209K, 17CVCP068K",141 North 6th Street,Brooklyn,141 NORTH 6TH STREET,"Block: 2327, Lot:32 ...",Active (A)
"20TMP0547K, 20EHAN140K, 20CVCP053K",3513 Atlantic Avenue,Brooklyn,3513 ATLANTIC AVENUE,"Block: 4151, Lot:54",Active (A)
"21TMP0079K, 21EHAZ021K, 21CVCP020K",144 Noll Street,Brooklyn,144 NOLL,"Block: 3154, Lot:23 ...",Active (A)
"19TMP1140K, 21TMP1095K (MERGED), 21EHAN240K",1555 BEDFORD AVENUE - Building 2,Brooklyn,1555 BEDFORD AVENUE,"Block: 1274, Lot:1 ...",Completed (C)
"20TMP0270K, 20EH-A060K",449 Chester Street,Brooklyn,437 CHESTER STREET,"Block: 3602, Lot:12",Completed (C)
"20TMP0902K, 20EHAN201K",312 CONEY ISLAND AVENUE,Brooklyn,312 CONEY ISLAND AVENUE,"Block: 5322, Lot:20 ...",Active (A)
"22TMP0671K, 22EH-N147K, 22CVCP041K",2905 West 17th Street,Brooklyn,2905 WEST 17TH STREET,"Block: 7062, Lot:1 ...",Active (A)
"22TMP1834K, 22EHAN422K, 23CVCP006K",1514-1530 60th Street,Brooklyn,1514-1530 60TH STREET,"Block: 5516, Lot:14 ...",Active (A)
"22TMP0805K, 22EHAN181K",2864 ATLANTIC AVENUE,Brooklyn,2864 ATLANTIC AVENUE,"Block: 3965, Lot:11",Active (A)
"15TMP0012K, 15EH-N012K, 15CVCP089K",963 Atlantic Avenue,Brooklyn,963 Atlantic Avenue,"Block: 2019, Lot:80",Active (A)
"17TMP0160K, 17CVCP035K, 22EHAZ113K, 23TMP0252K (MERGED)",75 DUPONT STREET,Brooklyn,93 DUPONT STREET,"Block: 2487, Lot:57 ...",Active (A)
"19TMP0704K, 19EHAN181K, 22CVCP001K",2700 Atlantic Avenue,Brooklyn,2700 ATLANTIC AVENUE,"Block: 3689, Lot:12 ...",Active (A)
"21TMP0871K, 21EHAN181K, 21CVCP049K",5914-5924 Bay Parkway,Brooklyn,5914-5924 BAY PARKWAY,"Block: 5515, Lot:43 ...",Active (A)
"13TMP0414K, 13EH-N414K, 14CVCP202K",738 Grand Street,Brooklyn,738 Grand Street,"Block: 2789, Lot:10",Active (A)
"22TMP0372K, 22EHAZ082K, 22CVCP027K, 22TMP0730K (MERGED)",311 Bergen Street,Brooklyn,311 BERGEN STREET,"Block: 198, Lot:48 ...",Active (A)
"18TMP1280K, 18EHAZ430K",134 HOPE STREET,Brooklyn,118 HOPE STREET,"Block: 2386, Lot:7 ...",Active (A)
"11TMP0021K, 11EHAZ021K, 21CVCP006K",416 Metropolitan Avenue,Brooklyn,416 Metropolitan Avenue,"Block: 2369, Lot:19",Active (A)
"20TMP0878K, 21CVCP033K",171 Throop Avenue,Brooklyn,171 THROOP AVENUE,"Block: 1723, Lot:3 ...",Active (A)
"14TMP0433K, 14EH-N433K, 14CVCP245K",140 Vanderbilt Avenue,Brooklyn,140 Vanderbilt Avenue,"Block: 2046, Lot:84",Active (A)
"22TMP0904K, 22EH-N205K, 22CVCP090K",30 Bushwick Avenue,Brooklyn,30 BUSHWICK AVENUE,"Block: 2772, Lot:14 ...",Active (A)
"14TMP0588K, 14EHAN588K, 15CVCP005K",Domino Sugar Site F - Refinery Building,Brooklyn,292 Kent Avenue,"Block: 2414, Lot:1 ...",Active (A)
"19TMP1307K, 19EH-A310K, 22CVCP091K",355 Shepherd Avenue,Brooklyn,355 SHEPHERD AVENUE,"Block: 3989, Lot:1 ...",Active (A)
"18TMP1006K, 18EH-A347K, 19CVCP010K",1457-1471 Flatbush Avenue,Brooklyn,1457-1471 FLATBUSH AVENUE,"Block: 5251, Lot:11 ...",Active (A)
"18TMP0317K, 18EHAZ133K, 19CVCP045K",102-110 North 1st Street,Brooklyn,102 NORTH 1ST STREET,"Block: 2379, Lot:16 ...",Active (A)
"13TMP0074K, 13EHAZ074K",257 Driggs Avenue,Brooklyn,257 Driggs Avenue,"Block: 2699, Lot:9",Active (A)
"21TMP1318K, 22EH-A153K, 22CVCP045K",420-430 Carroll Street,Brooklyn,420 CARROLL STREET,"Block: 453, Lot:1 ...",Active (A)
"21TMP0991K, 21EHAN209K, 22CVCP042K",2400 Pitkin Avenue,Brooklyn,2400 PITKIN AVENUE,"Block: 4017, Lot:15 ...",Active (A)
"22TMP0410K, 22EH-N088K",32 INDIA STREET,Brooklyn,32 INDIA STREET,"Block: 2539, Lot:1",Active (A)
"20TMP1147K, 21EH-A298K, 22CVCP032K",30 Bartlett Street,Brooklyn,30 BARTLETT STREET,"Block: 2272, Lot:9",Active (A)
"18TMP1222K, 18EHAN410K","573 Emerald Street - Linden Boulevard Phase II, Building 2",Brooklyn,573 EMERALD STREET,"Block: 4496, Lot:15 ...",Active (A)
"17TMP0161K, 18EHAN465K, 19CVCP053K",Greenpoint Landing D,Brooklyn,1 EAGLE STREET,"Block: 2472, Lot:21 ...",Completed (C)
"19TMP1561K, 19EHAN348K",2435 Pacific Street,Brooklyn,2435 PACIFIC STREET,"Block: 1437, Lot:46 ...",Active (A)
"22TMP0616K, 22EH-N123K, 22CVCP049K",73-75 McGuinness Blvd,Brooklyn,73-75 MCGUINNESS BLVD,"Block: 2649, Lot:24 ...",Active (A)
"17TMP0884K, 18EHAN002K, 18CVCP079K",575 Grand Street,Brooklyn,575 Grand Street,"Block: 2780, Lot:1 ...",Active (A)
"16TMP0199K, 16EH-N187K, 17CVCP053K",566 Grand Street,Brooklyn,566 Grand Street,"Block: 2785, Lot:27 ...",Active (A)
"21TMP0028K, 21EHAZ020K, 21CVCP053K",209 North 11th Street,Brooklyn,209 NORTH 11TH STREET,"Block: 2292, Lot:29",Active (A)
"22TMP0061K, 22EHAN022K, 22CVCP034K",Greenpoint Landing E1,Brooklyn,16 DUPONT STREET,"Block: 2494, Lot:6 ...",Active (A)
"22TMP0900K, 22EHAZ203K, 23CVCP009K",88 North 1st Street,Brooklyn,88 North 1st Street,"Block: 2379, Lot:9",Active (A)
"14TMP0272K, 14EHAN272K, 21CVCP041K",584 4th Avenue,Brooklyn,584 4th Avenue,"Block: 1051, Lot:39",Active (A)
"20TMP0513K, 20EHAN118K, 20CVCP067K",886 Broadway,Brooklyn,886 BROADWAY,"Block: 1582, Lot:15 ...",Completed (C)
"20TMP1231K, 21EHAN067K, 21CVCP014K",590-594 Myrtle Avenue,Brooklyn,590-594 MYRTLE AVENUE,"Block: 1910, Lot:25 ...",Completed (C)
"19TMP0245K, 19EH-A082K, 22CVCP007K",639-641 East 28th Street,Brooklyn,639-641 EAST 28TH STREET,"Block: 5251, Lot:14 ...",Active (A)